id,premise,hypothesis,lang_abv,language,label
00c0cdf348,Lạnh hơn và xa hơn bao giờ hết đã phát triển tiếng nói của lãnh chúa.,Giọng của Chúa cảm thấy thật xa xôi và lạnh lẽo,vi,Vietnamese,0
6c2527b960,"Trong trường hợp của Mỹ 11, thông tin liên lạc bình thường cuối cùng từ máy bay lúc 8:13 sáng.",Không có bất cứ thông tin liên lạc gì từ American 11.,vi,Vietnamese,2
ceedd25541,"Nếu ai có ấn bản năm 1984, anh ta có thể sẽ phẫn nộ vì phải mua cuốn đó chứ không phải là một bản nhỏ hơn (và ít tốn kém hơn).",Phụ phí rẻ hơn sách.,vi,Vietnamese,0
162467ddeb,"Chắc chắn là FDNY không chịu trách nhiệm về việc quản lý phản ứng của Thành phố đối với trường hợp khẩn cấp, như chỉ thị của Thị trưởng đã yêu cầu.",Việc quản lý phản ứng của Thành phố đã được xử lý bởi tổ chức khác ngoài FDNY.,vi,Vietnamese,0
9752c3f911,Thời gian dành cho phụ huynh và trẻ em ở bên nhau là bước đầu tiên để thực hiện các ý tưởng và thực hành mà tôi sẽ thảo luận trong cuốn sách này.,"Trong cuốn sách này, tôi sẽ đề cập đến các chủ đề mà phụ huynh và con cái của họ có thể thực hiện trong khi dành thời gian bên nhau.",vi,Vietnamese,0
aea519b02b,Tôi đột ngột bình luận về Mary Hoàng gia....,Tôi đã đến qua Royal Mary.,vi,Vietnamese,0
f0c6c36fcc,Nhóm bảo mật thông tin thực hiện từ 8 đến 12 phiên mỗi tháng.,Nhóm an ninh tiến hành nhiều khoá  trong một năm.,vi,Vietnamese,0
d7b120439c,"Năm 1998, Clarke chủ trì một bài tập được thiết kế để làm nổi bật sự thiếu chính xác của giải pháp.",Clarke muốn chứng tỏ cho mọi người thấy rằng chính sách di dân đang thất bại.,vi,Vietnamese,1
1b17c0770d,"Đó là sự thật, đồ ngốc.",Tất cả những gì tôi nói là sự thật.,vi,Vietnamese,1
9b35b61b99,Bốn mươi bốn dự án thí điểm đã gửi báo cáo về vòng biểu diễn đầu tiên vào năm 1995.,"Có nhiều chương trình thí điểm hơn, nhưng chỉ có 44 báo cáo được gửi đến.",vi,Vietnamese,1
d19b24b928,Ông ta đủ tuổi để làm bố tôi.,Anh ấy hơn tôi 27 tuổi.,vi,Vietnamese,1
a964b73cb9,"Để đánh giá cao sự đóng góp của bạn từ 100 đô la trở lên cho chiến dịch, bạn và một vị khách được mời tham dự một buổi gặp đặc biệt vào Thứ Năm, 23 tháng Ba từ 5: 30- 8:00 tối tại Herron Hall.",Các món ăn ngon và rượu champagne sẽ được phục vụ tại quầy lễ tân.,vi,Vietnamese,1
a733b5834e,Tôi sẽ không bị ảo tưởng bởi những gì Wolverstone nói.,"Như đã nói nhiều lần trước đây, Wolverstone là một gã giản dị, ít nói.",vi,Vietnamese,1
fb939d82cd,"Vào tháng Năm hoặc tháng Sáu, Clarke đã yêu cầu được chuyển từ bộ trương chống khủng bố sang một bộ mới phụ trách về an ninh mạng.",Clarke muốn chuyển sang lĩnh vực an ninh mạng vì giờ làm việc thuận tiện hơn.,vi,Vietnamese,1
654959615d,Các bậc phụ huynh bó tay trong tuyệt vọng và tìm kiếm sự che chở của cha mẹ hoặc ông bà của chính mình để có cái nhìn chân thật hơn sẽ tự đẩy mình vào thế kẹt với cùng câu hỏi hóc búa ấy.,"Bây giờ và một lần nữa, một số phụ huynh sẽ cố gắng tìm một cách tốt hơn từ cuộc sống của cha mẹ mình.",vi,Vietnamese,0
737f2517ce,"Sau khi không phận mở cửa trở lại, chín chuyến bay với 160 người, chủ yếu là công dân Saudi, khởi hành từ Hoa Kỳ từ ngày 14 đến 24 tháng 9.",Cũng có vài chục người quốc tịch Anh rời khỏi đất nước.,vi,Vietnamese,1
3c589dbd13,"Chính vì cô ta mà chúng ta bị mắc vào cái bẫy này, Ogle xông vào.",Ogle nghĩ rằng tình trạng bệnh tật của họ là lỗi của cô ấy.,vi,Vietnamese,0
6c255e7d10,Cuối cùng anh ta nói: Kẻ giết người--tôi sao?,"Ngay lập tức, anh ấy nói, A đã sát hại, I.",vi,Vietnamese,2
8df0bbfc44,"Bộ phim cũng bao gồm Chiến dịch Infinite Resolve, một loạt các cuộc tấn công tiếp theo được đề xuất về các mục tiêu al-Qaeda tại Afghanistan.",Có nhiều kế hoạch đã được vạch ra sau nhiều cuộc đình công chống lại al Qaeda.,vi,Vietnamese,0
790431b086,khoảng 20 phút,Tôi nghĩ nó gần 20 phút nhưng tôi không chắc.,vi,Vietnamese,1
4d3f957dbe,"Hoa Kỳ bảo vệ, và vẫn bảo vệ, người Hồi giáo chống lại bạo chúa và tội phạm ở Somalia, Bosnia, Kosovo, Afghanistan và Iraq.",Những bạo chúa này thường thích đội mũ xanh.,vi,Vietnamese,1
f867d8d954,"Công nghệ, mặc dù xem như cần thiết, đã gây ra thôi miên chúng ta",Công nghệ đã khiến cách chúng tôi thu thập thông tin nhanh đến tốc độ mà chúng tôi chưa từng thấy.,vi,Vietnamese,1
b948a5e411,Ý nghĩa của số phận chung là hư không được thể hiện rõ hơn so với người Do Thái Kol Jehudim eruvim ze bze [Tất cả người Do Thái đều chịu trách nhiệm với nhau].,Người Do thái không giúp đỡ mọi người.,vi,Vietnamese,2
e40b1e0e73,"Rudolph Giuliani bênh vực trước Newsweek về việc ông xử lý vụ bắn Amadou Diallo. [Sở Cảnh sát New York] không phải KKK, ông cho biết.",Mọi người không hài lòng với cách NYPD xử lý vụ bắn Amadou Diallo.,vi,Vietnamese,1
b16fad8ac0,"Đối với các cảnh báo của Ballinger, xem cuộc phỏng vấn Ed Ballinger (ngày 14 tháng 4 năm 2004).",Ông ấy cảnh báo người phỏng vấn rằng sẽ có một cuộc tấn công có chủ đích  vào tháng Năm.,vi,Vietnamese,1
60609078fe,"Chi phí của việc tạo ra những ngôi nhà này vượt xa những gì người mua của chúng tôi trả tiền, vì vậy chúng tôi dựa vào các khoản tài trợ và các khoản quyên góp cá nhân để giữ cho chúng có giá cả phải chăng.",Tạo ngôi nhà hoàn toàn miễn phí.,vi,Vietnamese,2
66bf537a80,"Để thấy được một vài tác động của Cluny đối với vùng nông thôn xung quanh, hãy ghé thăm một vài ngôi làng có nhà thờ La Mã được các kiến trúc sư của Cluny xây dựng và trong số đó có Saint-Vincent-des-Pres, Taize, Berze-la-Ville và Malay.",Thăm một vài ngôi làng.,vi,Vietnamese,0
9df3e654ce,"uh-huh um vâng, quần áo chúng ta cũng bị đánh thuế.",Có thuế bán hàng trên quần áo.,vi,Vietnamese,0
a00ea6ec42,"Và nếu cậu không phải kẻ ngốc, Ogle, tôi đã không phải giải thích điều này cho cậu.",Ogle ngu ngốc khi tin vào sự tồn tại của Santa Claus.,vi,Vietnamese,1
722982271f,"Vào ngày Giáng sinh, trẻ em đã gõ cửa và thăm nhà, yêu cầu và nhận kẹo hoặc đồ chơi nhỏ.",Trẻ em mang theo những chiếc túi lớn để lấy kẹo và đồ chơi vào Ngày Giáng Sinh.,vi,Vietnamese,1
969f5e5d46,"Người phương Tây đầu tiên đến Hawaii là Đại úy James Cook, chỉ huy người Anh có nhiệm vụ là để giải tán Northern Passage huyền thoại nối liền Đại Tây Dương và Thái Bình Dương.",James Cook chưa từng đi tới phía tây của California.,vi,Vietnamese,2
31ed7346e6,"Tôi rất vui khi gửi cho bạn lời mời này để tham gia vòng tròn bên trong Thượng nghị sĩ đảng Cộng hòa để kỷ niệm tinh thần của chúng tôi tại Công ước Quốc gia Cộng hòa của chúng tôi tại Houston, Texas, ngày 16-20 tháng 8.",Công ước Quốc gia Cộng hòa chỉ có ở Houston một lần.,vi,Vietnamese,1
9dd6ed73c9,"Và, tất nhiên, những di tích vĩ đại cho sự hiểu biết về tự do của thế kỷ 18 là Hiến pháp và Tuyên ngôn Nhân quyền.",Không ai trong thế kỷ thứ mười tám hiểu tự do.,vi,Vietnamese,2
6f6a43fbad,"Một khi các quyết định này được đưa ra, tổ chức CIO phải cung cấp hỗ trợ đáp lại, hiệu quả thông qua phân bổ nguồn lực hiệu quả và thực hiện các trách nhiệm hàng ngày của nó.",CIO không tham gia vào các quyết định phân bổ nguồn lực.,vi,Vietnamese,2
afe9261b7e,Thánh giá được cho là nặng 181.740 tấn.,Cây thập tự được làm bằng đá rắn.,vi,Vietnamese,1
42e9b5cdbf,"Năm ngoái, bạn đã hào phóng quyên góp $ -.",Bạn quyên góp tiền vào năm ngoái.,vi,Vietnamese,0
af0ffc7a16,P. S. Một tặng phẩm cống hiến cho IMA là cho một món quà kỳ nghỉ tuyệt vời.,Một khoản quyên góp để vinh danh một người nào đó sẽ tạo ra một món quà tuyệt vời cho những ngày nghỉ lễ.,vi,Vietnamese,0
0feed160e6,và nó vẫn làm tôi sợ,Tôi chỉ hơi sợ một chút.,vi,Vietnamese,1
57e2648712,"Sau đó, vẫn là người đại diện đã thực hiện chuyến thăm đầu tiên, đến gặp lại nhà cung cấp mới để trả lời các câu hỏi và thảo luận bất kỳ vấn đề nào được nêu trong mẫu khiếu nại.",Có một cuộc viếng thăm của một đại diện.,vi,Vietnamese,0
4df1b3c861,"Em gái tôi đã từng hẹn hò với một thanh niên vạm vỡ, người đam mê nhiệt tình của Đại học Iowa, nơi có các đội thể thao được gọi là Hawkeyes.",Chị gái tôi là một nữ tu và chưa bao giờ hẹn hò với một người đàn ông.,vi,Vietnamese,2
e76b7a2bc9,bạn đang nói giáo viên hay bố mẹ,Bạn ngụ ý gì về cha mẹ và các giáo viên?,vi,Vietnamese,1
5c3a484144,"Đối với các EGU bị ảnh hưởng cho năm 2010 và mỗi năm sau đó, Quản trị viên sẽ phân bổ các khoản trợ cấp thủy ngân theo mục 474 và tiến hành đấu giá các khoản phụ cấp thủy ngân theo mục 409, theo các số liệu trong Bảng A.",Hạn chế lượng thủy ngân trong hải sản.,vi,Vietnamese,1
9280cbbc47,tôi không biết nhưng tôi vẫn nghĩ như ở ngoài đất nước khi cô ấy nói rằng tôi giống như những gì đó,Tôi tin rằng nó đã được ra trong nước.,vi,Vietnamese,0
dc9bde39be,"Vùng Tây Nam với phong tục cưới được nghiên cứu và ghi chép nhiều nhất là New Mexico, bởi vì hậu duệ của những người Hispanos đầu tiên đã có ý thức mô tả và viết ra truyền thống của họ.",Không còn tài liệu của truyền thống của Hispanos cổ.,vi,Vietnamese,2
cda272928e,"Các dịch giả của Kinh Thánh King James đã dịch Kinh Thánh cho một khán giả Cơ đốc giáo; cho họ, Kinh Thánh bao gồm Cựu ước và Tân ước.",Kinh Thánh King James chỉ được làm riêng cho một người theo đạo thiên chúa.,vi,Vietnamese,1
9f2cfb979e,"Trên mép đá ở phía sau một khe hàm ếch, có một chiếc xe hơi màu đen đã nát vụn và một cái phao câu cá màu hồng tươi, trông chỉ bé như món đồ chơi khi so với khối đá.",Kích thước khổng lồ của chiếc xe làm cho tảng đá trông như một hòn đá nhỏ.,vi,Vietnamese,2
3c9adc4b33,"Khi băng qua chúng, bạn có thể thấy một ống khói cũ vỡ nát nằm phía trên hàng cây, một dấu hiệu chắc chắn rằng ngôi làng đã từng là một phần của đồn điền.",Các ống khói cho biết ngôi làng là một phần của khu trang trại.,vi,Vietnamese,0
d7e5f21c60,"'Điều đáng chú ý là sự bất thường này vẫn còn tồn tại, ngay cả trong nhiều nguồn hiện đại.","Sự hỏng hóc bất thường này có thể được sửa chữa, nhưng chi phí sẽ cao đấy.",vi,Vietnamese,1
5c7b48923c,"Tôi đã giết anh ta, nó là sự thật.",Một người đã bị giết.,vi,Vietnamese,0
e54f205e88,"Ví dụ đơn giản, giả sử chi phí cho việc tính toán là 10a và chi phí của thư cơ bản là 16a.",Chi phí của thư cơ bản thường đòi hỏi nhiều hơn công việc được chia sẻ.,vi,Vietnamese,1
720d60e041,Sự tưởng tượng không phải là quà mà thông thường liên quan tới quan liêu.,Các quan liêu thường không giàu trí tưởng tượng.,vi,Vietnamese,0
2cc83b3874,Những nơi đáng tham quan khác bao gồm nhà của Balzac (47 Rue Raynouard) và studio của Delacroix (6 Rue de Furstenberg).,Nhà của Balzac và studio của Delacroix không có ở địa điểm này.,vi,Vietnamese,2
d056374191,Ngày càng có nhiều bằng chứng chứng minh rằng các can thiệp của khoa cấp cứu có hiệu quả và điều trị sơ cứu đó có thể có tác dụng.,Giới thiệu từ Bộ phận Cấp cứu có thể sử dụng được.,vi,Vietnamese,0
ddb8d3db83,bạn có bạn có cắm trại hoang dã không,Tôi nghĩ bạn đã đi đến trại.,vi,Vietnamese,1
5c0c3aaf1a,"(Trước khi tiếp tục, người đọc cũng có thể muốn thử thành tích này).","Trước khi tiến lên, người đọc có thể muốn thử thách này.",vi,Vietnamese,0
7b493b960e,Tòa án không phải là rạp xiếc chính trị duy nhất ở Washington sáng nay.,Tòa án không phải là nơi chính trị duy nhất ở washington.,vi,Vietnamese,0
0f69e3c7bd,"Gorges d'Apreamont (gần thị trấn nhỏ Barbizon, nổi tiếng như là một ám ảnh của phong cảnh thế kỷ 19 của các họa sĩ) không đông đúc.",Chỉ có 10 người ở Gorges d'Apreamont.,vi,Vietnamese,1
be035f5cd6,"Dù sao đi nữa, tôi nghĩ tôi đã nói chuyện với Ramona một lần nữa.",Tôi chưa bao giờ nói chuyện với Ramona.,vi,Vietnamese,2
443efeaf27,"Nguyên tắc chung của quyền đối xử bình đẳng, như chúng ta đã xây dựng, dựa vào nó để đưa ra lập luận hạn chế quyền tự do ngôn luận.",Tất cả đều đồng ý về tự do ngôn luận.,vi,Vietnamese,2
25af34dd0d,Shakur đã được xác định là Farid Hilali bởi các nhà chức trách Tây Ban Nha.,"Shakur không đi theo bất kì cái tên nào khác, bởi vì anh ta không nổi tiếng lắm.",vi,Vietnamese,2
14d061ba12,"Từ năm trang xác nhận cá nhân (trái ngược với hai trang của thư mục), rõ ràng là từ điển dựa phần lớn vào nghiên cứu ban đầu.",Tác giả của quyển từ điển này đã thực hiện rất tốt việc tư liệu hoá và ghi nhận các nghiên cứu đã được áp dụng vào thực tế.,vi,Vietnamese,1
8c09e36b8d,Tôi có nên đặt một bộ cho bản thân mình không?,Bộ này là rất tốn kém.,vi,Vietnamese,1
a4076c657a,"Nhiều nhân viên PAPD cũng đã leo lên tháp phía Nam, bao gồm cả đội ESU PAPD.",Tất cả các nhân viên PAPD đã được lệnh phải chờ đợi trên mặt đất cho đến khi có thông báo mới.,vi,Vietnamese,2
50f185405a,"Vâng, dù rằng tôi vẫn hoài nghi các cư dân Madrid và Atlanta thích sự hiện đại nhưng vẫn tiếc nuối những nét truyền thống đã mất.",Cư dân của Madrid và Atlanta thực tập truyền thống của họ tại nhà một cách bí mật.,vi,Vietnamese,1
942ca8b008,"Biển chỉ đến được khi đi qua những con đường hẹp và đường mòn nông trại, nhưng nó đáng để đi bộ để tránh xa đám đông.",Đại dương có những con đường nhỏ rộng 2 feet dẫn đến nó.,vi,Vietnamese,1
b04b3f17b1,"Khi DOT tịch thu tài sản của anh ấy, chúng tôi đã chuyển đến một khu phố nhỏ hơn, nhỏ hơn ở Concord, nơi không cho phép động vật vì đã được khoanh vùng và từ đó chấm dứt câu chuyện về động vật.",Chúng tôi bán tất cả các con vật khi chuyển đến Concord.,vi,Vietnamese,1
4f0cee7739,"Biểu diễn trước hơn 6.500 sinh viên từ K-12, cho các hội nghị chuyên nghiệp của tiểu bang, cho sự kiện truyền thông Pan-Am và cho Hoa Kỳ",Sẽ chỉ có ba nghìn sinh viên từ K-12.,vi,Vietnamese,2
05a85218f7,Pulse-tone không phải là thuật ngữ kỹ thuật.,Nói dông dài về kỹ thuật không phải là điều hay.,vi,Vietnamese,0
f12054ef1f,"Các ngọn lởm chởm của Montserrat mọc ra từ đồng bằng không điểm nhấn Llobregat 62 ki lô mét (38 dặm) phía tây bắc Barcelona, trong trái tim của Catalonia.",Montesserat là vùng đất núi.,vi,Vietnamese,0
042626ee07,Hậu quả cuối cùng của sự từ chức của Livingston là nó đã cho phép Clinton xuất hiện một cách hào hùng.,Việc Livingston từ chức dường như đã khiến tổng thống Clinton được tha thứ.,vi,Vietnamese,0
4ecd3d5876,"Tuy nhiên, email của nhà phân tích phản ánh rằng cô đang bối rối một loạt các rào cản và rào cản pháp lý đối với việc chia sẻ thông tin và các quy tắc điều chỉnh việc sử dụng thông tin của các nhân viên tội phạm thu thập thông qua các kênh tình báo.",Nhà phân tích đã không rõ ràng về nhiều thứ.,vi,Vietnamese,0
e3099d22d4,Một số nhân viên dân sự Port Authority vẫn ở trên các tầng cao khác nhau để giúp người dân bị mắc kẹt và giúp đỡ trong cuộc di tản.,Một số nhân viên của Port Authority hy sinh mạng sống của họ để giúp dân thường sơ tán.,vi,Vietnamese,1
4f91c51115,"Điều đó cũng đúng với những nhà Hoosiers nổi tiếng như James Whitcomb Riley, Eugene V. Debs và Madam C.J.",Eugene Debs chưa từng rời California.,vi,Vietnamese,2
7491d93729,buscarle la quinta pata al gato để tìm chân thứ năm của mèo rất phổ biến với ý nghĩa để tìm kiếm rắc rối,Có thành ngữ về chân thứ năm của mèo.,vi,Vietnamese,0
edaab91938,"Đi dạo nhàn nhã, anh ta bước chân vào bức tường được dựng lên, và đi qua những cánh cổng lớn vào sân.","Vì những cánh cổng lớn bị khóa, anh ta nhảy qua hàng rào, vào sân.",vi,Vietnamese,2
a02074feaf,Bạn có thể mua một số trong số này để làm cho dòng riêng của bạn của các đầu hồi hẹp,Bạn có thể mua những cái chóp đó cho mái nhà của bọn gia súc.,vi,Vietnamese,1
86897bd077,Quan trọng nhất là việc tham dự buổi biểu diễn tại IRT không chỉ là một chuyến đi thực địa.,Tham dự buổi biểu diễn tại IRT sẽ là một sự nghỉ ngơi tuyệt vời từ đống công việc và suy nghĩ mệt nhọc.,vi,Vietnamese,2
3bc59cf043,"Khi nghe trại đóng cửa, anh ta và những người khác đi đến trại al Faruq gần Kandahar, nơi họ được huấn luyện nhiều hơn.",Vài người đã được huấn luyện gần Kandahar.,vi,Vietnamese,0
a82bc8b152,"Nhưng với tất cả các quảng cáo ngông cuồng mới lạ, bảo tàng đã không quên sự quyến rũ của những chiếc xe cổ mới toanh và, trên tất cả, những khối khổng lồ động cơ tàu hỏa cũ từ thời đại hơi nước thực sự tạo ra bởi Canada.",Viện bảo tàng có 100 chiếc xe hơi.,vi,Vietnamese,1
d5dc59641b,"Vịnh lớn nhất trên bờ biển phía tây bắc trở thành một bến cảng tốt, nhưng điều này có thể làm ô nhiễm cả nguồn nước và bải biển.",Nước và bãi biển có thể bị bẩn.,vi,Vietnamese,0
d40352be05,Trang web Lịch sử Tự nhiên Smithsonian (cuộn trang xuống hai hoặc ba lần),Viện Smithsonian đã hiện diện trên Internet.,vi,Vietnamese,0
b8c0ea33e8,"Vào ngày 9 tháng 9, những tin tức đầy kịch tính đến từ Afghanistan.",Chúng tôi được thông báo về cuộc tấn công sắp xảy ra vào ngày 9 Tháng 9.,vi,Vietnamese,1
42982f88a5,"Nhưng khi cô lớn lên, ừm, cô không bao giờ thừa nhận rằng cô đã sai nhưng cô đã thay đổi hành vi của mình.",Cô ấy chưa bao giờ nói rằng cô đã đúng về vụ bánh mì thịt.,vi,Vietnamese,1
78de2dd5d1,Sonja đứa trẻ bắt đầu bắt chước cơn giận dữ của con gái mình.,Sonja đã bực mình.,vi,Vietnamese,1
e5cbe3a2c6,"Việc bảo vệ các phương tiện giao thông, năng lượng, dịch vụ khẩn cấp, dịch vụ tài chính và hệ thống truyền thông ngày càng trở nên quan trọng vì chúng phụ thuộc rất nhiều vào công nghệ thông tin.",Các dịch vụ tài chính và hệ thống thông tin liên lạc vẫn chưa tham gia vào lĩnh vực công nghệ thông tin.,vi,Vietnamese,2
f99eba08ef,"Bạn có thể thấy bằng cách đọc mã, bạn tôi rằng vẫn còn nhiều lợi thế về thuế của liên bang và tiểu bang để đóng góp từ thiện.",Đóng góp từ thiện sẽ có lợi trực tiếp cho chính bạn.,vi,Vietnamese,1
7c9bafb89e,Số liệu thống kê các tuyến đường nông thôn được trình bày trong bài báo này dựa trên dữ liệu Số lượng bưu chính quốc gia năm 1989,Số liệu thống kê trong bài báo này dựa trên báo cáo năm 2001.,vi,Vietnamese,2
883ee0f8f5,"Tôi đã cho ra mắt Indianapolis  của tôi với vai trò là một đạo diễn sân khấu, một tháng trước khi có Inherit the Wind, một cổ điển của sân khấu Mỹ, đã được tham dự bởi hơn 5.500 học sinh trung học cơ sở và trung học.",Tôi đã đạo diễn những vở kịch khác kể từ đó.,vi,Vietnamese,1
1bb9464ad7,"Xem các báo cáo tình báo, thẩm vấn của KSM, ngày 1 tháng 7 năm 2003; 5 tháng 9 năm 2003.",KSM bị chất vấn năm 2003.,vi,Vietnamese,0
66a71eb0c4,", Regional Haze RIA và NOx SIP Call RIA), lợi ích thấp nhất ước tính giả định rằng ngưỡng tác động sức khỏe PM ở mức 15 :g/m3.",Họ đã có ước tính sơ bộ về lợi ích nhưng có thể là sai.,vi,Vietnamese,1
0bcc189d8f,"Và nghỉ ngơi dễ dàng, cô Dalrymple, khi tôi biên tập lại các kịch bản phát biểu để in ấn ấn phẩm, tôi luôn trở lại với cách sử dụng tiếng Anh học thuật thuần túy.",Tôi sửa lại các bài phát biểu.,vi,Vietnamese,0
2ac8dbf741,"Nancy Griffin viết trong Hollywood Strikes Back rằng Michael Eisner đã mở rộng chi nhánh ô liu cho người bạn cũ Mike Ovitz, nhưng Ovitz từ chối chấp nhận nó.",Mike Ovitz và Michael Eisner là bạn thân và đối tác kinh doanh tốt nhất trong suốt cuộc đời của họ.,vi,Vietnamese,2
aee633d197,"Thuyền trưởng, ông nói, và khi ông nói ông chỉ vào các tàu đang đuổi theo, Đại tá Giám mục nắm giữ chúng tôi.",Các con tàu phía sau họ thuộc về bạn bè.,vi,Vietnamese,2
02fb88372f,không nhất thiết phải là nó có thể là ở trong nhà những người giúp bạn xử lý khoản tiền X đô la đó,Họ không bao giờ sử dụng người trong nhà để hỗ trợ bạn.,vi,Vietnamese,2
eb587dee6e,Chúng tôi mời bạn tham gia Futures for Children bằng cách tài trợ cho một đứa trẻ người Mỹ Da Đỏ hoặc tham gia một Vòng hội viên để hỗ trợ các dự án giáo dục cộng đồng của chúng tôi.,Bạn có thể tham gia vào tương lai cho trẻ em bằng cách tài trợ cho một đứa trẻ người Mỹ da đỏ và cho chúng đến trường.,vi,Vietnamese,1
920d13cd3a,Thể thao không phải là sự kiện duy nhất để đặt cược tại các trang web này.,Các khu vực này cũng chấp nhận đánh cược vào các cuộc đấu chính trị và bầu cử.,vi,Vietnamese,1
6f5c869486,"Đối mặt với thái độ này và hơi có chút kinh ngạc, người Anh thừa nhận sự tôn trọng của họ bằng cách tận dụng từ đó.",Người Anh đã trao đổi rất nhiều trên toàn thế giới.,vi,Vietnamese,0
15f13ba4cd,wow có lẽ tôi nên đi xem nó trong một nhà hát và dự định đi ăn tối sau đó để chúng tôi có thể ngồi và nói về nó,Chúng ta có thể ăn đồ ăn Trung Quốc sau khi xem bộ phim được đề cử Oscar.,vi,Vietnamese,1
cb50268a2e,"Các hộp sẽ được đánh dấu với tên của Cassie, Corey, Rachel, Isaiah, Kelly, Kyle, và các học sinh khác của trường trung học Columbine đã mất mạng vào đầu năm nay.",Ít nhất 6 học sinh trường trung học Columbine bị chết hồi đầu năm nay.,vi,Vietnamese,0
0662a29e28,"Tuy nhiên, SAB, được hỗ trợ bởi các tài liệu gần đây giải quyết vấn đề này (Rossi et al.",SAB đã nói về điều này,vi,Vietnamese,0
0cca4870b2,"Thế một kế hoạch lai thì sao - mua dài hạn đới với người dùng thường xuyên, và trả từng phần đối với những người còn lại?",Họ đang xem xét kế hoạch thanh toán cho người dùng của họ.,vi,Vietnamese,0
456df3d44b,Hi vọng đã trở lại nhưng vẫn có một chút xáo trộn đối với giống cây cam quýt và dứa của quần đảo Bahamas.,"Cây cam quýt Bahamian chỉ là một thành công lớn, giống như mọi người đã dự đoán.",vi,Vietnamese,2
529204eafa,"Trong khi ý tưởng của ông có công lớn về làm nổi bật lĩnh vực nghiên cứu này, thì việc vận hành là vấn đề.",Đánh dấu bản đồ rất có ích.,vi,Vietnamese,1
4bd1774f07,"Các bảo tàng được bố trí tuyệt vời, và hầu hết cung cấp tờ rơi (thỉnh thoảng bằng tiếng Đức, nhưng thường bằng tiếng Anh và tiếng Pháp) với thông tin chi tiết về các cuộc triển lãm; bạn sẽ tìm thấy các hộp chân thực để thanh toán tự do rải rác xung quanh.",Bảo tàng được đặt ra trong khoảng cách đi bộ.,vi,Vietnamese,1
2356887521,"Trong cuộc Thập tự chinh thứ sáu (1228-1229), Hoàng đế La Mã Thánh Frederick II đã cố gắng thương lượng để bảo vệ thánh địa Giê-ru-sa-lem cho các Kitô hữu.",Hoàng đế có Jerusalem trong một giao dịch.,vi,Vietnamese,0
70166436bd,"bản thiết kế, chúng tôi lo ngại rằng việc thanh toán sẽ được duyệt trước khi xác minh rằng chuyến đi đã thực sự diễn ra.",Chúng tôi đã nghĩ rằng việc thanh toán có thể diễn ra quá sớm và chúng tôi sẽ bị lừa.,vi,Vietnamese,1
e17ef15d0e,"Bạn là Lord Julian Wade, tôi hiểu, là lời chào của anh ấy.",Chúa Julian Wade đã cung cấp một lời chào nồng ấm và chào đón.,vi,Vietnamese,2
f5476180db,"Hôm nay anh ấy sẽ nói chuyện với chúng ta về Third SS, U2 Quick và Blackbird.",Anh ta nói về ba điều.,vi,Vietnamese,0
edf04f651a,Hãy nhớ giấu tất cả đồ dùng cầm tay khỏi đámn khỉ.,Bạn không cần phải che giấu tài sản của bạn từ những con khỉ.,vi,Vietnamese,2
51906652da,Dịch vụ bưu chính dễ bị tổn thương hơn so với các cơ quan bưu chính khác để bỏ qua kem.,Cream skimming là chiến lược dễ gây hại có dịch vụ bưu phẩm.,vi,Vietnamese,0
a34281ab18,"Hãy nói break, steak, nhưng bleak và streak.",Hãy nói chia tay.,vi,Vietnamese,0
7e4c8619b9,"Tuy nhiên, SAB, được hỗ trợ bởi các tài liệu gần đây giải quyết vấn đề này (Rossi et al.",SAB đã nói về tầm quan trọng của nó với đất nước.,vi,Vietnamese,1
b0198679d1,"Tôi sẽ gọi lại cho bạn sau khoảng một giờ, anh ấy nói.",Anh ta nói anh ta sẽ gọi lại.,vi,Vietnamese,0
6bb4f00262,Tôi đã săn lùng anh ta suốt cả năm qua.,Tôi đã theo anh ấy rất sát gần cả một năm mà không biết anh ấy.,vi,Vietnamese,1
88356861e6,"Ồ, nhưng--nếu anh ra đi--chắc chắn Đại tá Bishop cũng không e ngại điều gì đâu.",Đại Tá Bishop nói điều gì đó và đã bị  phản ứng với sự ghê tởm hết sức.,vi,Vietnamese,2
91145a60fc,Ý nghĩa nổi bật nhất của lý thuyết CMP là mối quan tâm về vị trí tương đối biến mất trong các xã hội nơi mà các bạn tình được phân bổ bởi các cơ chế khác ngoài sự giàu có.,Lý thuyết CMP đề cập đến giao phối.,vi,Vietnamese,0
d832f3fd6e,"Mặc dù vậy, nhưng quan trọng là trên thế giới không có nhiều Milosevics.",Có ít hơn 1000 Milosevics trên thế giới.,vi,Vietnamese,1
76215b7e28,"Điều này là rõ ràng nhất trong các hàng cột, mà Vincent Scully đã so sánh với những người hy vọng tập trung trong một phalanx.",Điều này không rõ ràng khi xuất hiện trong cột.,vi,Vietnamese,2
84aa8f473d,Sự Chính trị hóa của Gần như Mọi thứ (Bộ phận Văn học) tiếp diễn nhanh chóng.,Chính trị hóa Gần như Mọi thứ diễn ra nhanh chóng.,vi,Vietnamese,0
73633b2427,"Tượng đài La Mã vĩ đại khác của thị trấn, nhà hát cổ, nằm ở phía nam thị trấn.",Nhà hát nằm trên con phố cuối cùng ở cuối phía nam của thị trấn.,vi,Vietnamese,1
03b9da08d8,"Những chiếc xe được làm thủ công là điểm thăm quan được yêu thích nhất của thành phố, và hệ thống này đã được tuyên bố là một di tích lịch sử quốc gia vào năm 1964.",Những chiếc xe hơi nhìn sáng bóng và lấp lánh.,vi,Vietnamese,1
b959af0a82,Sự đơn giản trong các đường nét phong cách Rôman của Sant Pau là một sự thay đổi được đồng thuận từ kiến trúc Barcelona đương đại xa hoa và sự phức tạp của kiến trúc Gothic.,Sant Pau có đường Romanesque.,vi,Vietnamese,0
926a5a6bb5,"Nó uốn lượn lên xuống theo các đỉnh và rãnh, bức tường tạo thành một địa hình hiểm trở mà khiến nhiều du khách phải thở hổn hển.",Bức tường đi lên và xuống núi.,vi,Vietnamese,0
f78206bfdd,Không có gì nổi bật về bất kỳ ai trong số họ với sự tôn trọng dành cho lớp bảo mật duy nhất có liên quan đến việc kiểm tra điểm kiểm tra thực tế.,Kiểm tra điểm kiểm soát hoàn toàn dựa vào trực giác của đại lý hải quan thực hiện sàng lọc.,vi,Vietnamese,1
dab181a0c4,4 người theo chủ nghĩa vị lợi cho rằng chúng ta đều bình đẳng vì chúng ta cảm thấy sự khoái lạc và nỗi đau.,Một số người thuộc Chủ nghĩa vị lợi là phụ nữ.,vi,Vietnamese,1
fa3ac290dc,Phao-lô dường như coi Alan Greenspan là một nhà tư tưởng thực sự kiểm soát tỷ lệ thất nghiệp theo các nguyên tắc của một số lý thuyết kinh tế.,Alan Greenspan có các lý thuyết kinh tế liên quan đến tỷ lệ thất nghiệp.,vi,Vietnamese,0
e42294e557,"Là tổ chức chủ nhà địa phương cho Hội đồng quốc gia về khách quốc tế, Chương trình thực tập Nam Phi và thực tập y tế Trung Quốc, vào năm 1999 Trung tâm đã đón hơn 100 khách đến trung tâm Indiana.",Trung tâm nói không có du khách nào có thể đến.,vi,Vietnamese,2
9ff5c7b606,"Vì vậy, sau đó ông ở lại Augusta ?",Anh ta có lưu lại Augusta sau cuộc bạo loạn không?,vi,Vietnamese,1
f06ac51ede,Không phải câu trả lời sai của Naomi Wolf,Naomi Wolf đã cố gắng nhiều lần để tìm ra một câu trả lời.,vi,Vietnamese,1
7117797da8,"Bài phát biểu bằng tiếng Anh đã trở nên nặng nề với những từ xa lạ mà không nên đưa vào, và thậm chí bây giờ phải được bỏ ra.",Tiếng Anh rất cần bổ sung thêm các từ kỳ lạ.,vi,Vietnamese,2
55474d09eb,"Kể từ khi bạn đã chỉ huy trên boong chính, Ogle? Tôi nhận lệnh từ thuyền trưởng.",Ogle đã cố gắng ra lệnh như thể anh ta là Thuyền trưởng.,vi,Vietnamese,0
53320ea55b,Các chuyên gia thường nói lịch sử được viết bởi những người chiến thắng.,Học giả nói những người vô địch làm nên lịch sử.,vi,Vietnamese,0
b7e95dc37e,Kết nối SCR có thể xảy ra trong khoảng thời gian gián đoạn từ ba đến năm tuần.,Chưa bao giờ có cúp điện.,vi,Vietnamese,2
d44dc5c0d1,"Một người được cảnh báo về việc ăn thức ăn công khai, vì những con khỉ có khả năng xem điều này như một lời mời ăn cơm trưa.",Thật không an toàn khi ăn thức ăn ở ngoài.,vi,Vietnamese,1
6143f4de41,"Chương trình Giáo viên của năm được tài trợ bởi Scholastic Inc., được các học sinh trong độ tuổi tới trường dễ bị gây ấn tượng biết đến nhiều nhất  bởi là nhà phân phối tạp chí cực chất có nhà quảng cáo độc quyền là Hoa Kỳ.",Các em học sinh không có giáo viên.,vi,Vietnamese,2
b87fbf9b6d,"Các con phố gần đó là Mallorca, Valencia và Provenaa cũng đầy những cửa hàng thú vị.",Cửa hàng phục vụ những món ăn ngon nhất của thành phố.,vi,Vietnamese,1
dddbaa0f87,"Việc xuất bản cuốn sách RPH ngay sau các tour du lịch đã được đặt, dẫn đến thực tế tiếp theo về",Cuốn sách RPH sẽ có một tour du lịch liên kết với nó.,vi,Vietnamese,0
170bff7cd6,"' Ý sâu xa của tôi là để thành công hoàn toàn, một từ điển loại này cần nhiều hơn là kỹ năng sách vở của một chuyên gia về tên riêng.",Một từ điển có rất nhiều thứ để cung cấp.,vi,Vietnamese,1
90ade63c50,"Giờ đến lượt cô đang tự bào chữa, giọng cô run rẩy và đầy phẫn nộ.",The woman was angry and defensive.,vi,Vietnamese,0
488dc6de86,"Tin tặc, hay chỉ là những kẻ đồng đội, có lẽ không có vấn đề gì khi dịch những gì tôi vừa viết ra từ biệt ngữ máy tính và tiếng lóng sang tiếng Anh thông thường hơn.",Tôi nghĩ rằng tin tặc thường có thể hiểu thuật ngữ máy tính.,vi,Vietnamese,0
b2e4cc635f,Làm sao một người cha/mẹ có được sự tôn trọng từ một đứa trẻ khi chúng nhìn thấy người mẹ/cha hành động thiếu tôn trọng với người bạn đời của mình?,Điều quan trọng là trẻ em phải tôn trọng cha mẹ.,vi,Vietnamese,1
5063c3b9b2,Tài sản tích lũy có thể tạo ra thu nhập dưới hình thức lãi suất và cổ tức và những khoản này có thể được tiết kiệm.,Bạn có thể tạo thu nhập với tài sản.,vi,Vietnamese,0
8539061193,Giá trị nằm ở đâu trong thế giới của sự thật?,Không có chuyện gì cần giải quyết cả.,vi,Vietnamese,2
05613dbb8b,"Sau tất cả, Morris vẫn đinh ninh rằng những gì ông ta đã làm thực sự rất cao thượng.",Morris nói anh ta có động cơ xấu.,vi,Vietnamese,2
8d3a023015,vâng tôi có một liên hiệp tín dụng,Tôi đến thăm Hiệp hội tín dụng của tôi thường xuyên.,vi,Vietnamese,1
9eb323c849,"Ôi Chúa ơi, tên chỉ là ừ cái tên vừa trượt khỏi tâm trí của tôi nhưng đó là Hòa bình của Quốc hội",Tôi thường gặp vấn đề nhớ tên khi gặp trực tiếp.,vi,Vietnamese,1
f50dccec60,"Là một thành viên của nhóm Bạn bè toàn thành phố của Thư viện miễn phí, bạn sẽ nhận được một bản tin hàng quý thông báo cho bạn về các sự kiện thư viện và các vấn đề lập pháp.",Thành viên hội Những người bạn Thành phố của Thư viện Tự do không bao giờ nhận được bản tin.,vi,Vietnamese,2
2bbf489df7,Bạn được mời trở thành một phần của hợp tác mới quan trọng này để tăng cường sự hợp tác ngày càng tăng của hai trường đại học công lập lớn ở Indianapolis.,Hai trường công lập ở Indianapolis đang gia nhập lực lượng.,vi,Vietnamese,0
2c45fa72a2,Tự do khỏi lỗi trong dữ liệu.,Tự do từ đầu vào không chính xác.,vi,Vietnamese,1
2f07816f2a,"Hoa Kỳ bảo vệ, và vẫn bảo vệ, người Hồi giáo chống lại bạo chúa và tội phạm ở Somalia, Bosnia, Kosovo, Afghanistan và Iraq.",Hoa Kỳ hoàn toàn ủng hộ bất kỳ bạo chúa nào kiểm soát Bosnia.,vi,Vietnamese,2
7485e1bb8e,"Một lối vào đường hầm với một góc nhà bếp ở một bên, và chỗ lưu trữở bên còn lại, dẫn đến khu vực sinh sống chính.",Khu vực sinh sống đi qua một đường hầm dài gần một dặm.,vi,Vietnamese,1
c5f055c532,"Gần Syntagma, ở Quảng trường Koloktroni, là Bảo tàng Lịch sử Quốc gia với một bộ sưu tập các hiện vật có niên đại từ thời Cổ đại.",Bảo tàng Lịch sử Quốc gia chỉ có những đồ vật cận đại thôi.,vi,Vietnamese,2
62465f88d1,"Tôi ăn thật nhanh, nhanh nhất có thể và sau đó cô ấy đến đó và cô ấy đã giúp tôi với nó.",Tôi tống thức ăn xuống.,vi,Vietnamese,0
c27379c393,vâng tôi có thể nghe thấy anh ta,Anh ấy hoàn toàn nói đủ to để tôi nghe.,vi,Vietnamese,0
662b1a1b34,61--Nhân viên liên bang có thể được bảo hiểm bởi các chương trình bảo hiểm xã hội như Social Security62 và Medicare theo cùng các điều khoản và điều kiện như số cư dân còn lại được bảo hiểm.,Các điều khoản và điều kiện khác nhau đối với nhân viên Liên bang.,vi,Vietnamese,2
68f2a9d0e2,"Nhà hát Indianapolis Civic đã giải trí cho khán giả những vở kịch và nhạc kịch được sản xuất chuyên nghiệp trong 82 năm trong khi cung cấp một đấu trường cho tài năng đặc biệt của thành phố, nhưng đó không phải là phạm vi của nó.",Nhà hát Indy Civic đã thực hiện 120 chương trình trong 80 năm.,vi,Vietnamese,1
84762a6516,"Sự suy đoán này dựa trên, ít nhất là một phần, thông tin được báo cáo về sự lãnh đạo của một phe cực đoan tại nhà thờ Hồi giáo bởi Thumairy.",Nhà thờ Hồi giáo ẩn chứa các phe phái cực đoan.,vi,Vietnamese,0
54a03fd642,"Do đó, các nhà lập pháp và nhà quản lý của chính phủ đang áp dụng các cách suy nghĩ mới, xem xét các cách khác nhau để đạt được mục tiêu và sử dụng thông tin mới để hướng dẫn các quyết định.",Các đại diện chính phủ đang cố gắng tăng sức mạnh của mình bằng cách suy nghĩ khác đi.,vi,Vietnamese,1
1ee55d005a,Các quan chức Hezbollah ở Beirut và Iran đang mong đợi sự xuất hiện của một nhóm trong cùng một khoảng thời gian.,"Nhóm đã có thể đến vào giữa đêm, bởi vì không ai mong đợi sự xuất hiện của họ.",vi,Vietnamese,2
9a0d43c9cc,"Thật vậy, Bios Group có liên quan đến việc phát minh và tạo ra chúng.",Bios Group đang đóng góp vào tổng sản xuất của họ.,vi,Vietnamese,0
ad527a72ea,Clinton Birthplace Foundation là một tổ chức phi lợi nhuận phi chính trị 501 (c) (3) phụ thuộc vào những đóng góp của bạn.,Quỹ Clinton Birthplace Foundation hoạt động dựa trên các khoản quyên góp.,vi,Vietnamese,0
ce0e94289a,"Trong năm tài chính này và năm tiếp theo, trường luật bắt buộc phải  cắt giảm trong việc trích lập tiểu bang và tăng chi phí y tế lên tới hơn $400,000.",Trường luật đang phải đối mặt với việc cắt giảm ngân sách.,vi,Vietnamese,0
71082d8d36,"Và tôi đã đến, tôi đã đến Washington D.C. và tôi đã không đi thẳng đến, uh, chỗ đó, uh, nơi họ bảo tôi đến trong các đơn hàng.",Tôi đến DC để gặp người hướng dẫn của tôi.,vi,Vietnamese,1
486fbc82bc,"Họ được bố trí xung quanh tầng hành lang gác lửng của Tháp phía Bắc, chỉ đạo thường dân rời khỏi cầu thang A và C để sơ tán xuống thang cuốn tới phòng chờ.",Họ bảo người dân đi thang máy lên tầng cao hơn.,vi,Vietnamese,2
33e7317c5c,"Tổng thống Bush sau đó đã ca ngợi đề xuất này, nói rằng đó là một bước ngoặt trong suy nghĩ của ông.","Tổng thống đã có kế hoạch đặt hàng một loại nước ngọt, nhưng quyết định đặt hàng nước khi ông biết về các ảnh hưởng sức khỏe của việc tiêu thụ quá nhiều đường.",vi,Vietnamese,1
bef0a6a80f,Tôi không thể nhớ điều đó là gì nhưng đột nhiên tôi rất lo lắng rằng tôi sắp đi học lần đầu tiên và đó có lẽ là ngày căng thẳng nhất trong cuộc đời tôi.,Tôi lo lắng về việc đi học.,vi,Vietnamese,0
b13b9d140b,"Không có khả năng giao tiếp là một yếu tố quan trọng tại Trung tâm Thương mại Thế giới, Lầu năm góc, và Hạt Somerset, Pennsylvania, các địa điểm tai nạn, nơi nhiều cơ quan và nhiều khu vực pháp lý đã trả lời.",Mọi người gặp khó khăn khi giao tiếp tại Trung tâm Thương mại Thế giới bởi vì điện đã hết và các đường dây điện thoại bị hỏng.,vi,Vietnamese,1
11504189d8,Anh ấy hào hiệp đến mức ngu ngốc.,Ngay cả phụ nữ cũng nghĩ rằng anh ta hơi quá về sự hiệp nghĩa của mình.,vi,Vietnamese,1
d4a0627127,"Tại Tokyo, một phóng viên của tờ The Economist đã nhìn thấy một chiếc áo phông O D trên Bourgeoisie Milk Boy Milk.",Phóng viên tờ The Economist ở Tokyo không thể đọc được chiếc áo phông mà anh thấy.,vi,Vietnamese,2
d65472bcad,"do đó tôi không biết, ước gì tôi đã làm",Tôi thực sự muốn tôi biết về điều đó.,vi,Vietnamese,0
083e5c73e2,"Các thỏa đáng chủ quan, và từ ngữ thông thường chứ không phải là từ ngữ pháp lý, là thứ gây rắc rối và nên được tránh.",Sự thỏa mãn chủ quan là một người.,vi,Vietnamese,1
19b22a0e04,Kế hoạch xây nhà quốc hội ở đây sau khi Độc lập đã không đi đến đâu.,Quốc hội được đặt ở đây.,vi,Vietnamese,2
d683a37f8f,"Phong trào Hồi giáo, ra đời từ năm 1940, là một sản phẩm của thế giới hiện đại, chịu ảnh hưởng bởi các khái niệm Mác-Lênin về tổ chức cách mạng.",Phong trào Hồi giáo ban đầu được thành lập như một tổ chức vận động xã hội.,vi,Vietnamese,1
c4d8b101b3,"Ngày nay, tòa nhà cổ này là nơi diễn ra Trải nghiệm Edinburgh, một chương trình trình chiếu 3D dài 20 phút phác họa lại lịch sử của thành phố và thể hiện sinh động Edinburgh ngày nay (chỉ từ tháng 4 đến tháng 10).","Tòa nhà làm một số việc, bao gồm lưu trữ một trình chiếu 3D.",vi,Vietnamese,1
b82cc3ad67,"Do sự hào phóng của luật thuế Indiana, bất kỳ khoản đóng góp cho Đại học nào dưới $200 sẽ chỉ tính cho bạn một nửa số tiền đó--ít hơn khoản khấu trừ mà bạn yêu cầu hoàn thuế liên bang.",Luật thuế Indiana giúp bạn dễ dàng đóng góp cho trường Đại học.,vi,Vietnamese,0
ba3cc9b923,"Việc theo đuổi hạnh phúc tự nhiên, được tổ chức trong Tuyên ngôn, nhường chỗ cho đặc điểm chính của định nghĩa tài sản của pháp luật.",Tuyên ngôn nói rằng bạn nên theo đuổi hạnh phúc ở người bạn yêu và nơi bạn làm việc.,vi,Vietnamese,1
df07c5853f,"Xét về sự phù hợp, hình ảnh, đột biến, tái tổ hợp và chọn lọc có thể cùng đưa các quần thể phát triển đạt đến mức phù hợp cao nhất.",Không có yếu tố nào giúp dân chúng đạt được mức độ tập thể dục cao hơn.,vi,Vietnamese,2
c643d2dfd7,"Nói cách khác, những gì đã xảy ra là một cái gì đó giống như trò nhanh tay bạn-nhìn-thấy-nó-bạn-lại-không-thấy-nó của một nhà ảo thuật .",Điều đã xảy ra là một bất ngờ.,vi,Vietnamese,0
4522b223cb,Những thứ khác không làm cho người tiêu dùng đủ hạnh phúc.,Các quả bóng chày không đủ trắng.,vi,Vietnamese,1
6ac9bc4abc,"Tuy nhiên, trước sự kinh hoàng của một số độc giả phương Tây, ông ít nhất một lần được trích dẫn trong bối cảnh có nguy cơ chôn vùi nước Mỹ.","Anh ấy thực ra muốn mua bia cho America, nhưng một trở ngại về lời nó đã khiến anh ấy không diễn đạt được rõ ràng ý của mình.",vi,Vietnamese,1
9da6f1ce7a,"Vào tháng 11, chúng tôi đã gửi thư chia sẻ với bạn câu chuyện về Boys &amp; Girls Club, một nơi tuyệt vời, tích cực cho trẻ em và thanh niên trong cộng đồng của chúng tôi.",Chúng tôi đã không gửi lá thư nào vào năm ngoái.,vi,Vietnamese,2
881266c9b0,"Người bạn nhà thuê phòng cho Hazmi và Mihdhar trong năm 2000 là một công dân rõ ràng tuân thủ luật pháp với những mối liên hệ thân thiện, lâu dài giữa cảnh sát địa phương và nhân viên FBI.",Hazmi và Mihdhar mua một căn nhà và không liên lạc với ai cả.,vi,Vietnamese,2
5f49f90612,"Nhận thấy sự đáng nghi ngờ từ toàn bộ giao dịch, người quản lý giữ khoảng cách với Hazmi và Mindhar, nhưng không lâu trước khi họ đã nhận được sự trợ giúp cần thiết.",Sự hỗ trợ bao gồm tiền mặt và trợ giúp xử lý các thủ tục đi lại.,vi,Vietnamese,1
0e71a800b9,Hy vọng của tôi là bạn sẽ thấy mình rất may mắn và được khuyến khích bởi vấn đề này.,Tôi biết bạn sẽ làm hết sức mình để chống lại bệnh ung thư vú.,vi,Vietnamese,1
429ff28b41,"Ôi Chúa ơi, tên chỉ là ừ cái tên vừa trượt khỏi tâm trí của tôi nhưng đó là Hòa bình của Quốc hội",Cái tên đã trốn thoát tôi lúc đầu nhưng nó được gọi là Hòa bình của Quốc hội.,vi,Vietnamese,0
8a6ac68915,Rất Khó Để Tìm Ra Bằng Chứng Bin Laden Là Người Chỉ Đạo Các Cuộc Tấn Công.,Thật khó để chứng minh rằng Bin Laden có trách nhiệm.,vi,Vietnamese,0
0ad08f5de5,Soderbergh là một trong những nhà làm phim hiếm hoi tìm hiểu về công việc.,Rob Soderbergh là một nhà làm phim đoạt giải thưởng.,vi,Vietnamese,1
a64ee61f1b,Cách sử dụng phổ biến nhất là những từ trong nhóm thứ ba ban đầu định nghĩa hành vi tình dục.,Một số từ mô tả tình dục.,vi,Vietnamese,0
59473377f1,"CIO của tập đoàn làm việc với các CIO hoặc các nhà quản lý thông tin khác tại mỗi đơn vị kinh doanh để đảm bảo một hệ thống công nghệ hiệu quả, đáng tin cậy và có tính tương tác cho toàn bộ tập đoàn.",CIO sẽ không nói chuyện với các đồng nghiệp của mình.,vi,Vietnamese,2
178c95f47c,"Tôi ăn thật nhanh, nhanh nhất có thể và sau đó cô ấy đến đó và cô ấy đã giúp tôi với nó.",Tôi đã ăn pizza trong chưa đầy hai phút.,vi,Vietnamese,1
e0d5f59f75,"Những kỳ vọng lí trí ngày càng nhiều, từng phần, trong một nỗ lực để hiểu việc mua bán thật sự trên thị trường cổ phiếu.",Mọi người đang cố học về mua bán trên các sàn chứng khoán.,vi,Vietnamese,0
2b6d6bc158,3 tỷ đầu tư hàng năm trong TSA đổ vào hàng không để đánh cuộc chiến cuối cùng.,TSA không liên quan gì đến hàng không và chỉ tập trung vào các chuyến tàu.,vi,Vietnamese,2
7f3d719365,"Trực giác của tôi, tất nhiên, rất mang tính chủ quan-bạn là người quan tâm, theo như mô tả trong đóng góp thường niên của thành viên hiệp hội tiếp viên hàng không cho giáo xứ của bạn.",Khoản đóng góp 2000 đô la Mỹ  của bạn  cho thấy bạn là một người tốt.,vi,Vietnamese,1
c9f1130859,"Bàn tiệc gì mà chả đáng chút tiền bạc,",Bữa tiệc tối trên vải dầu.,vi,Vietnamese,1
96276c873f,"đúng vậy, họ sẽ đi xuyên qua các khe",Họ đi vào lễ khai mạc.,vi,Vietnamese,0
2a50d5861f,"' Ý sâu xa của tôi là để thành công hoàn toàn, một từ điển loại này cần nhiều hơn là kỹ năng sách vở của một chuyên gia về tên riêng.",Một từ điển chỉ cần kĩ năng của một chuyên gia.,vi,Vietnamese,2
f09dc0af06,"Như chúng ta sẽ thấy, trong cả hai trường hợp, dường như có điều gì đó sâu thẳm đang diễn ra trong vũ trụ không có giá trị hữu hạn.",Không có gì đang diễn ra trên thế giới cả.,vi,Vietnamese,2
bb2d130128,và nó có thể tiếp tục tới 20 năm nữa  tôi nghĩ nó thật nực cười,Nó chỉ kéo dài một tuần.,vi,Vietnamese,2
3250ec4a2e,"do đó tôi không biết, ước gì tôi đã làm",I ước rằng tôi biết anh ấy đã biến mất đi đâu.,vi,Vietnamese,1
6bc0a5639f,"Do đó, dữ liệu nhân khẩu học cho cùng một mã ZIP có thể được tính trung bình vào tổng số cho hai phần tư khác nhau.",Dữ liệu thuộc nhân khẩu học có thể được tính trung bình.,vi,Vietnamese,1
8153f1a5f5,Sự khôn ngoan thông thường về âm nhạc Ragtime tiếp tục biến động.,Sự khôn ngoan thông thường về âm nhạc Ragtime không phải là hằng số.,vi,Vietnamese,0
7758f0be52,Hậu quả cuối cùng của sự từ chức của Livingston là nó đã cho phép Clinton xuất hiện một cách hào hùng.,Việc từ chức của Livingston có thể đã làm cho Clinton tỏ ra hào phóng.,vi,Vietnamese,1
af7cd5222e,Tôi đã cố gắng ghi lại mọi thứ.,Tôi viết mọi thứ cô ấy nói.,vi,Vietnamese,1
f4f5cd8dcb,Tôi đánh giá cao sự quan tâm của bạn và hy vọng rằng bạn sẽ tham gia vào Chiến dịch thường niên năm nay.,Tôi hy vọng bạn sẽ quyên góp cho Chiến dịch hàng năm.,vi,Vietnamese,0
73d01e2458,wow có lẽ tôi nên đi xem nó trong một nhà hát và dự định đi ăn tối sau đó để chúng tôi có thể ngồi và nói về nó,Chúng ta có thể đi ăn tối sau buổi biểu diễn.,vi,Vietnamese,0
6b94e57036,"Bạn có thể nhìn thấy cá voi beluga vào mùa hè, gấu bắc cực vào mùa thu, và, nếu thời tiết bạn đang ở  vào mùa xuân hoặc mùa thu , ánh sáng cực quang ở phía bắc.",Bạn sẽ không thấy gấu Bắc Cực vào mùa thu.,vi,Vietnamese,2
28047f8f86,với tôi thì đằng nào tôi trả tiền bởi vì khi tôi đi hoặc hãng bảo hiểm của tôi khi tôi trả một cái gì đó các hóa đơn dường như cao bất thường,Hóa đơn chăm sóc y tế luôn cao.,vi,Vietnamese,0
e69ee7694d,"Các ngọn lởm chởm của Montserrat mọc ra từ đồng bằng không điểm nhấn Llobregat 62 ki lô mét (38 dặm) phía tây bắc Barcelona, trong trái tim của Catalonia.",Núi Mountesserat là ngọn núi cao nhất trong khu vực.,vi,Vietnamese,1
263ab8f223,"Trên mép đá ở phía sau một khe hàm ếch, có một chiếc xe hơi màu đen đã nát vụn và một cái phao câu cá màu hồng tươi, trông chỉ bé như món đồ chơi khi so với khối đá.",Chiếc xe đã quẹo khỏi đường vào rơi lên bệ của một tảng đá.,vi,Vietnamese,1
9a50f40e44,Các nghiên cứu Khoa học cũng bỏ qua những sự thật đơn giản về hóa học não.,Nghiên cứu đã dẫn chứng các thông tin về hoá học não bộ.,vi,Vietnamese,2
fc4808b488,"Người nhận cuối cùng ở Pakistan sau đó sẽ đi đến Pakistan hawaladar và nhận tiền của mình, bằng đồng rupi, từ bất cứ số tiền nào mà Pakistan hawaladar có trong tay.",Người nhận cuối cùng sẽ cần phải đi đến Thổ Nhĩ Kỳ để lấy tiền của mình.,vi,Vietnamese,2
4c7a02dd26,"Khía cạnh nào của chính sách đối ngoại của chúng ta, Richard Clarke, nỗi sợ hãi nhất sẽ bị bỏ rơi - đứng xung quanh trong khi dân thường bị giết ở Rwanda hoặc đứng xung quanh trong khi dân thường bị giết ở Kosovo?",Clarke lo lắng về cách chúng ta sẽ ứng phó với bạo lực gần đây.,vi,Vietnamese,1
b5e7f56246,Thêm thời gian thông thường cần được thêm vào để phát triển kế hoạch hành động,Họ thường cần thêm một năm để thực hiện kế hoạch.,vi,Vietnamese,1
e92d7e6884,Một số chủ sở hữu cơ sở đã đổi mới trong kế hoạch xây dựng của họ để giảm thiểu thời gian chết.,Thời gian suy thoái có thể được giảm bằng cách sử dụng các kế hoạch xây dựng cải tiến.,vi,Vietnamese,0
310e62eae0,vài năm về trước tôi là một sinh viên ở đó và đã dành um một học kì du học ở Luân Đôn,"Một vài năm trước, tôi học ở London trong một học kỳ.",vi,Vietnamese,0
3d3e969e20,"ồ, tôi thấy nhà nước không yêu cầu nó, nó khá là bất thường phải không",Thật kỳ lạ là nhà nước không yêu cầu nó.,vi,Vietnamese,0
549c2ca679,Dữ liệu của Ủy ban phân tích dữ liệu của cơ quan kiểm soát không lưu thuộc Cục Quản lý Hàng khôn Liên bang FAA.,Dữ liệu kiểm soát không lưu FAA được phân tích bởi một nhóm độc lập và đã được xác định rằng người kiểm soát đã hoàn thành tốt công việc.,vi,Vietnamese,1
6f07a4e4f3,Tôi yêu cầu bạn vui lòng cung cấp hôm nay cho IRT và giúp họ tiếp tục công việc tuyệt vời mà họ đã sản xuất được 26 năm.,Làm ơn hãy quyên góp cho IRT hôm nay.,vi,Vietnamese,0
38b866eb53,"Nhà ga đã được sơ tán, và cảnh sát đã tìm thấy các bộ phận khác nhau của súng, đạn dược, và đồ dùng quân sự trong túi của người đàn ông bị kiểm tra.",Cảnh sát tìm thấy chai nước trong túi được kiểm tra của người đàn ông.,vi,Vietnamese,1
0ead42d8fd,Anh chỉnh kính viễn vọng của mình lên con số đó.,Ông đã phá vỡ kính thiên văn của mình và do đó không thể nhìn được bất cứ cái gì với nó.,vi,Vietnamese,2
88f15a92e0,Nhân viên của hạt sẽ có mặt để hỗ trợ các đương sự cùng với nghiên cứu của họ.,Một nhân viên quận có thể giúp mọi người,vi,Vietnamese,0
7d513f104f,"Cách xa bờ biển, địa hình dốc qua cây thông, mimosa, bạch đàn và thạch nam đến độ cao gần 915 m (3.000 ft).",Địa hình bằng phẳng.,vi,Vietnamese,2
b4fc20f59d,Mọi thứ chưa tiến triển tốt với anh trong hai tuần qua kể từ khi anh chấp nhận phụng sự Nhà vua.,Giữ anh ta vào ban đêm là một thực tế rằng anh ta chấp nhận hoa hồng của nhà vua.,vi,Vietnamese,0
073ab0c888,Vườn quốc gia Kinabalu chỉ là một trong sáu khu vực được bảo vệ trong tiểu bang.,"Tiểu bang có các khu vực được bảo vệ, bao gồm công viên quốc gia Kinabalu.",vi,Vietnamese,0
b8d0297eef,"Với sự đóng góp của bạn vào Thư viện, bạn sẽ trở thành thành viên của bạn bè trên toàn thành phố.",Thư viện thực sự đánh giá cao sự đóng góp của bạn và muốn bạn trở thành một Citywide Friend.,vi,Vietnamese,1
c45b7d5c2d,"Đó sẽ là tín hiệu để nói dối, Blood nói, trong cùng một giọng nói vô nghĩa; và anh thở dài.",Blood nói rằng sẽ không có bất kỳ dấu hiệu nào được đưa ra và những người khác sẽ phải tự tìm ra nó.,vi,Vietnamese,2
d0eb90848c,Nỗ lực sớm nhất của Trẻ em khi giả vờ cũng bộc lộ thử thách chúng thực hiện nhiệm vụ tách rời ý nghĩ khỏi hiện thực.,Trẻ em không thể tham gia vào việc tạo tin tưởng.,vi,Vietnamese,2
48a836d188,Đây là khí chất của thời đại.,Đây không phải là xu thế của thời đại.,vi,Vietnamese,2
cc7730d8ab,"Adam Gopnik của tờ New Yorker nói rằng Venice Biennale đã bị áp đảo bởi các nghệ sĩ Pop, nhiều năm bị loại bỏ khỏi công việc tốt nhất của họ (Jim Dine, Claes Oldenburg), [người] ngồi bên cạnh ...",Venice Biennale có dân cư thưa thớt.,vi,Vietnamese,2
ac36a95906,"Rice và những người khác nhớ lại lời Tổng thống nói, tôi mệt mỏi vì đập ruồi rồi.",Gạo chưa bao giờ nghe Tổng thống nói gì cả.,vi,Vietnamese,2
87e541f457,"Và cũng vì thế, rủi ro tổng thể liên quan đến những người tiêu dùng hay thay đổi, rồi lại có nhiều mùa bán hàng, và phân khúc thị trường với sự cạnh tranh khốc liệt ở nước ngoài hiện tại đã biến nơi đây thành một đấu trường khốc liệt cho các nhà bán lẻ và nhà sản xuất Mỹ.",90% các nhà bán lẻ ở Mỹ đang thất bại.,vi,Vietnamese,1
1c4628c75d,Lợi ích quan trọng nhất của thành viên trong Hiệp hội Audubon Quốc gia cho bạn không có gì ngay lập tức hữu hình trong trở lại.,Hoàn toàn không có lợi ích khi trở thành thành viên của Hiệp hội Audubon Quốc gia.,vi,Vietnamese,2
44b614b980,"Nhà hát hoàn toàn chuyên nghiệp, được sản xuất đầy đủ đã tạo nên sự khác biệt cho những đứa trẻ như Becky, Stephanie, Marcus, Emily và những người bạn cùng lớp của họ từ khắp tiểu bang Indiana.","Chúng tôi muốn chúng tôi có đủ tiền để tạo ra sản phẩm sân khấu hoàn toàn chuyên nghiệp, nhưng chúng tôi chưa bao giờ có ngân sách ở đây ở Indiana.",vi,Vietnamese,2
504e7bd775,"Ừm, và cô ấy nói, cô ấy nói, cô ấy nói, Anh yêu, cô ấy nói, Anh không hiểu về cuộc sống theo cách em hiểu về cuộc sống.",Cô ấy nói rằng tôi không biết gì về thực tế cuộc sống ra sao và rằng tôi nên nghe theo cô ấy.,vi,Vietnamese,1
09d9487eb2,"Ví dụ, một số có dẫn xuất rõ ràng loại bỏ khỏi các thiết bị được sử dụng hoặc cơ sở mà trên đó các trò chơi được chơi.",Một số trò chơi không được đặt tên theo thiết bị hoặc tòa án.,vi,Vietnamese,0
b0b9604bb9,Soderbergh là một trong những nhà làm phim hiếm hoi tìm hiểu về công việc.,Nó là rất phổ biến cho các nhà làm phim để tìm hiểu về công việc.,vi,Vietnamese,2
335ef5a3eb,"Thống trị miệng của Vịnh Sant Antoni là hình bóng của đảo Coniera, hoặc Conejera (có nghĩa là con thỏ hoặc xương rồng).",Coniera rộng 3 dặm vuông.,vi,Vietnamese,1
c5a15fc0d6,Năng lượng của toàn bộ hệ thống sẽ bị giảm xuống nếu lưỡng cực đảo hướng để đến gần hơn với một hoặc những trạng thái năng lượng mặt đất khác.,Nếu như lưỡng cực bị lật thì toàn bộ năng lượng của hệ thống có thể được gia tăng.,vi,Vietnamese,2
de1aa7c7f9,"Và, tôi hy vọng rằng bạn sẽ hỗ trợ những nỗ lực nghệ thuật và giáo dục của Nhà hát Civic một lần nữa trong năm nay.",Nhà hát Civic được tài trợ đầy đủ và sẽ không nhận thêm tiền.,vi,Vietnamese,2
b962358e67,"Ông Nields trả lời rằng, tôi hoàn toàn hạnh phúc khi sử dụng cụm từ 'những câu nói dài dòng.",Ông Nields nói ông rất vui khi sử dụng những từ đó.,vi,Vietnamese,0
9b153a72a5,"Morrison chắc chắn đã giành được quyền về phong cách riêng như William Gaddis, Thomas Pynchon, hoặc William Faulkner.",Morrison đã làm việc rất chăm chỉ để xứng đáng với đặc quyền.,vi,Vietnamese,1
8d3eba9350,"Jones, ở đây là chỉ Ngài William Johnson, đã bình luận rằng, Ngài ấy được yêu thương, vuốt ve, và suýt bị tôn thờ bởi những người da đỏ.",Người Ấn Độ không thích Sir William Johnson.,vi,Vietnamese,2
24ba576ded,Nga đang đối mặt với những thách thức ngày càng tăng trong cuộc chiến Chechnya.,Nước Nga không chắc chắn phải hành động ra sao.,vi,Vietnamese,1
d5a338ba00,Anh ấy đến từ Hy Lạp và từ một ngôi làng nhỏ tên là Tokalleka và anh ấy đến Mỹ và tôi tin rằng đó là năm 1969 hoặc 1970 và chỉ sau đó thời gian ngắn anh ấy đã lập gia đình.,Anh ấy đến từ Ai-len.,vi,Vietnamese,2
9431beaf38,Trong số tất cả những người không hài lòng tôi đã từng gặp--,Tôi luôn hài lòng với mọi người tôi gặp.,vi,Vietnamese,2
4798308312,"Sofias, bên cạnh ga tàu điện ngầm Megaro Mousikis.",Sofias nằm trong bán kính một quãng ngắn từ ga tàu điện ngầm Megaro Mousikis,vi,Vietnamese,1
3cf10465e1,Trại nào đúng là có hậu quả sức khỏe cộng đồng rất lớn.,Tất cả các trại đều có hậu quả sức khỏe cộng đồng.,vi,Vietnamese,1
ea5e2b1b51,"Và trong khi xerography đã cung cấp cả hai danh từ và động từ mới cho bản sao từ, chữ tượng hình của Horace cũng gợi nhớ một hình ảnh đó, có những sự mới mẻ cùng tồn tại với ý nghĩa từ lâu đời của nó.",Xerography chỉ về những danh từ mà thôi.,vi,Vietnamese,2
77e7c10ca5,Số liệu thống kê các tuyến đường nông thôn được trình bày trong bài báo này dựa trên dữ liệu Số lượng bưu chính quốc gia năm 1989,Bài viết này bao gồm dữ liệu về các tuyến đường nông thôn.,vi,Vietnamese,0
8288acf049,Mọi thứ chưa tiến triển tốt với anh trong hai tuần qua kể từ khi anh chấp nhận phụng sự Nhà vua.,Anh ấy ngủ bình yên trong đêm biết rằng mình đã từ chối lời đề nghị của Vua.,vi,Vietnamese,2
707da6fbe3,"Tôi hy vọng sẽ sống đến năm 2000 để giúp hướng dẫn viên Yiddish. Tôi chắc chắn rằng Yiddish sẽ vẫn còn tồn tại, sống sót sau những kẻ gièm pha của nó, vì nó đã có hàng ngàn năm rồi.",Tôi chắc chắn nền văn hóa Yiddish sẽ không may bị mất vào năm 2000.,vi,Vietnamese,2
fb406a53b6,"Trong cabin của anh ấy ở mạn phải Lord Julian, bị xáo trộn bởi những âm thanh giống nhau, đã trở nên uể oải và vội vã mặc quần áo.",Chúa Julian mặc một bộ đồ chú hề trong tủ của mình.,vi,Vietnamese,1
6f777a00dd,"Chào buổi sáng, anh ấy nói, và nói thêm là anh ấy đã rất lúng túng, tôi cũng vậy","Xin chào buổi tối, anh ấy tự nói với mình.",vi,Vietnamese,2
0abeee083f,Những phức hợp bậc cao hơn của các thiết bị phân tử phát sinh bởi vì sự chọn lọc tự nhiên có thể tác động lên các đặc tính tập thể của các tập hợp phân tử như vậy khi các đặc tính tập thể này làm tăng thêm khả năng thích ứng.,Các thiết bị phân tử này đang phần lớn được dùng để sản xuất các loại thuốc độc khác nhau cho mục đích bảo vệ.,vi,Vietnamese,1
81a3debfdf,"Các thành viên Mandala của vô hạn mandalas chỉ khác nhau trong biên độ cơ bản, do đó luật, áp dụng cho mỗi thành viên Mandala.",Các thành viên Mandala đã chết.,vi,Vietnamese,0
44fd8e7663,"Vâng, tôi thậm chí không nghĩ về điều đó, nhưng tôi đã rất thất vọng, và, tôi lại nói chuyện với anh ta lần nữa.",Tôi buồn tới mức tôi lại bắt đầu nói chuyện lại với anh ta.,vi,Vietnamese,0
e806d12876,"Có một số dự đoán về dòng tiền trên bàn làm việc của tôi và, ừm, nó dành cho một khách hàng tên Cutty.",Chúng tôi không có bất kỳ khách hàng nào là Cutty.,vi,Vietnamese,2
c86c916ff6,28 Trong một số trường hợp mất điện lâu hơn là cần thiết.,Đôi khi bạn cần phải tắt nguồn lâu hơn.,vi,Vietnamese,1
4ae205fb81,Mối tình của tôi với IRT là một câu chuyện dài.,Tôi vẫn chưa gặp được người mà cúng thích IRT như tôi.,vi,Vietnamese,1
acf268c6b2,"Tôi đã nói với anh ấy, tôi đã cố gắng giải thích cho anh ấy rằng tôi đã thất vọng vì tôi không có đủ thông tin tôi cần.",Tôi nói với anh ta tôi cần thêm thông tin.,vi,Vietnamese,0
346cb51c3c,"Tôi sẽ gọi lại cho bạn sau khoảng một giờ, anh ấy nói.",Anh ta nói họ đã nói xong.,vi,Vietnamese,2
443cd9310c,"Ngay cả khi kỹ thuật sơ bộ và đàm phán hợp đồng đã kéo dài từ sáu đến tám tháng, tổng thời gian hoàn thành hai đơn vị 900 MWe sẽ là khoảng 17 đến 19 tháng.",Cái gì hơn 8 tháng đều quá mức.,vi,Vietnamese,1
cb1ca96348,"Bên kia quảng trường là những con phố phía sau của Laleli, nơi để tìm những bộ quần áo giá rẻ.",Quần áo rẻ đang được bán ở Laleli.,vi,Vietnamese,0
1aa1813755,"Thật tuyệt vời nếu bạn có thể dành thời gian đến thăm trường của bạn, và tự mình xem những tiến bộ mà chúng tôi đã thực hiện qua nhiều năm và chia sẻ niềm tự hào về di sản của chúng tôi!","Đừng ghé thăm trường, chỉ cần gửi tiền.",vi,Vietnamese,2
dcd80516ba,"Một nhóm tại Hiệp hội Quán Bar của Thành phố New York, trong khi đó, đã thảo luận về khoản nợ của sinh viên trong sáu tháng.",Nhóm đang cố gắng tìm ra những điều cần làm đối với nợ sinh viên.,vi,Vietnamese,1
0e1476851c,P. S. Một tặng phẩm cống hiến cho IMA là cho một món quà kỳ nghỉ tuyệt vời.,Một khoản quyên góp để tôn vinh ai đó không phù hợp với loại quỹ cụ thể này.,vi,Vietnamese,2
3f1fa8a20d,"Khi cuốn sách của Welsh có một danh sách dưới PHÁT ÂM, tôi nhìn ở đó, vô ích.",Danh sách phát âm chỉ bao gồm những thứ cơ bản nhất.,vi,Vietnamese,1
7963a75c6e,Nếu mỗi người nhận được lá thư này chỉ cần tặng $18.,Chúng tôi hy vọng rằng tất cả những người nhận được thư sẽ đóng góp 18$.,vi,Vietnamese,0
40e9e5fc33,Khí thải thủy ngân là điều làm nên thủy ngân lắng đọng trong nước.,Phát thải thủy ngân gây ra vấn đề với nước.,vi,Vietnamese,0
a316d28155,"Dù sao, hôm nay tôi đã về đến nhà lúc 6:30 và đó là một ngày của tôi.",Tôi quyết định về nhà vào bữa trưa và nghỉ ngơi trong ngày.,vi,Vietnamese,2
af17af44fb,"Bạn biết đấy, bạn không thể, không thể nào sống sót nếu không có những áp lực ngược và tăng áp lực hơi thở ở những độ cao như thế này.",Áp lực truy cập giết chết bạn mọi lúc.,vi,Vietnamese,2
5dcaac85a8,"Để xác định tình trạng của các hệ thống xây dựng từ việc xây dựng nhân sự, xem phỏng vấn FDNY 4, Chief (Jan.",Có một cuộc phỏng vấn có sẵn thảo luận về các hệ thống xây dựng.,vi,Vietnamese,0
38a6c071ef,"Trong lai này, Giám đốc điều hành giao quyền kiểm soát trung tâm cho một CIO của công ty và hỗ trợ tổ chức CIO, đồng thời ủy quyền cụ thể cho từng đơn vị kinh doanh để quản lý các yêu cầu quản lý thông tin độc đáo của riêng mình.",Các doanh nghiệp CIO thường được trả lương ít hơn các CEO.,vi,Vietnamese,1
c5da35abee,"Sự thật là, môn sinh học đại cương sắp tới rồi đó.",Tất cả các lớp học khoa học đều nằm ở hành lang tiếp theo.,vi,Vietnamese,1
a1210e1dce,"Tôi hiểu rồi thưa ngài, rằng ngài vẫn chưa hiểu rõ hoàn cảnh này.","Anh hoàn toàn và khá rõ ràng, hiểu rõ tình hình.",vi,Vietnamese,2
6dbe9e6138,.. tinh thần hướng dẫn và khuyến khích.,.. lời khuyên về tình yêu,vi,Vietnamese,1
aca8806e52,Đi một vòng để xem biệt thự do McKim Mead thiết kế,McKim Mead thiết kế lâu đài.,vi,Vietnamese,0
bb40656004,ừm họ thậm chí không đúc nhôm mà chỉ ép nhôm,Chúng được làm bằng kim loại rẻ hơn.,vi,Vietnamese,0
62b39401a0,Tôi không có thời gian để tham gia tất cả.,Tôi lẽ ra có thể hoàn thành cập nhật nó sau đó.,vi,Vietnamese,1
3a51fd7a56,Việc bang thuê ngoài các chứ năng chiến lược như hệ trợ giúp và quản lý mainframe.,Có nhiều chức năng khác mà nhà nước cũng có thể thuê ngoài.,vi,Vietnamese,1
c84cd9b4df,"Một người khởi xướng trứ danh về văn hóa dân gian Mexico Tây Ban Nha ở Miền Tây Nam và California chính là Charles F. Lummis (1859-1928), một nhiếp ảnh gia tự học, nhà dân tộc học, nhà âm nhạc, nhà báo và là người sáng lập Bảo tàng Tây Nam ở Los Angeles.",Charles F. Lewis không biết đọc.,vi,Vietnamese,2
9975dcce44,"Tôi làm hết sức mình, cô ấy nói.",Cô ấy nói rằng cô ấy đã làm hết sức mình vào thứ Sáu.,vi,Vietnamese,1
c0f697c2eb,"Phía sau khách sạn, ngoài bức tượng 1989 của Samuel de Champlain, người sáng lập thành phố, Dufferin Terrace có tầm nhìn tuyệt đẹp ra sông St. Lawrence và vùng hạ lưu tới đảo Ile d'Orleans.",Bức tượng được xây dựng vào năm 1775.,vi,Vietnamese,2
30be02d519,Chúng ta đi chưa quá nửa dặm là đã rơi vào tầm hoả lực của chúng rồi.Wolverstone văng ra một câu chửi đầy ý nghĩa rồi đột nhiên im bặt.,Wolverstone đã cố gắng để đội trưởng tàu của mình và đã thực sự gần với một trận chiến khác.,vi,Vietnamese,1
f6309aab11,phải bạn biết đấy thường thì có uh tôi có một trang trại cách đây một trăm dặm về phía đông ở Đông Texas,Tôi có một cánh đồng ở Texas.,vi,Vietnamese,0
6a5b7332f9,"Ở trung tâm của khu nghỉ mát, trong vùng nước được khoanh vùng của đầm phá bên trong, có một chương trình Bơi cùng Cá heo.",Bạn có thể bơi với cá heo tại khu nghỉ mát.,vi,Vietnamese,0
2da0837e9d,và uh tôi nghĩ rằng chúng tôi sẽ được uh ngang bằng với họ trong tiền lương và công nhận trong dài hạn,Hai lựa chọn nên trả hơn giá thị trường trung bình trong thập kỉ sau.,vi,Vietnamese,1
75317c4ea4,Anh ta đã tới Pakistan nhưng bị kích động khi được hỏi liệu anh ta có đi du lịch đến các nước lân cận hay không khi ở Pakistan (Pakistan là con đường thông thường đến các trại huấn luyện ở Afghanistan).,Nó không phải là bất thường đối với những kẻ khủng bố để đi qua Pakistan vào Afghanistan.,vi,Vietnamese,0
5d31256595,"Các faaade của đền thờ Ramses II là một trong những hình ảnh lâu dài nhất của Ai Cập và mặc dù bạn có thể đã nhìn thấy chúng trong các bức ảnh, họ thực sự ngoạn mục trong thực tế.",Mặt tiền nằm trong Đền Ramses II và được làm bằng vàng ròng.,vi,Vietnamese,1
c955ffde86,"Khi quả bóng rơi xuống, một dấu hiệu khổng lồ được chiếu sáng và truyền đi trên mỗi Thẻ Khám phá năm 2000.",Dấu hiệu sáng lên.,vi,Vietnamese,0
053c696e5f,"Nhưng dù sao đi nữa, những con vật sẽ bị mất toàn bộ thời gian, đặc biệt là những con dê.",Những con dê thường xuyên trốn thoát.,vi,Vietnamese,0
dfc446da7d,"Chúc ngài một ngày tốt lành, Blood chào anh ta một cách thân mật.",Người đàn ông đã già.,vi,Vietnamese,1
31294d3e02,Nên tôi đã phải lấy cái tổng thể và cố gắng hình dung ra như thế đó.,Tôi sẽ tính toán nó dựa trên tổng số.,vi,Vietnamese,0
8b111dd008,"Tên một số địa danh của Mỹ có âm hưởng thật độc đáo - những nơi như Maggie's Nipples, Wyoming, hay Greasy Creek, Arkansas, Lickskillet, Kentucky, hay Scroungeout, Alabama.",Có vài cái tên nghe rất kêu.,vi,Vietnamese,0
0d8322475b,"Tôi đã cho ra mắt Indianapolis  của tôi với vai trò là một đạo diễn sân khấu, một tháng trước khi có Inherit the Wind, một cổ điển của sân khấu Mỹ, đã được tham dự bởi hơn 5.500 học sinh trung học cơ sở và trung học.",Tôi chưa bao giờ làm đạo diễn sân khấu.,vi,Vietnamese,2
02b5092fc7,Boston Một thứ hai chỉ cần nhấn Trung tâm Thương mại.,Trung tâm thương mại bị một con tàu đâm phải.,vi,Vietnamese,1
d300961c0e,Một điều mà tôi tự hào đó là IRT là một lãnh đạo của toàn đất nước trong việc cung cấp kinh nghiệm sân khấu cho học sinh.,IRT có liên quan đến nhà hát.,vi,Vietnamese,0
de8d5a754d,"Năm 2003, những chỉ định này đã bị cắt giảm; tất cả các vấn đề về khủng bố quốc tế hiện nay nhận được cùng chỉ định, 315.",Mỗi vấn đề khủng bố đều được điều tra và xếp hạng một cách độc lập.,vi,Vietnamese,2
3bb521d4c1,"Đó là năm 1775,  100 thùng thuốc súng biến mất một cách bí ẩn khỏi các cửa hàng ở Fort St. Catherine và trên đường lên một chiếc thuyền được dùng cho nhà cách mạng Mỹ.",100 thùng thuốc súng thuộc sở hữu của người Anh.,vi,Vietnamese,1
922d894bc9,(Sự kiện này được lặp lại vào ngày 14-15 tháng Tám. ),Nó xảy ra lần nữa vào trung tuần tháng 8.,vi,Vietnamese,0
e75ffd6dff,Chế độ hỗn loạn tương phản hoàn toàn với chế độ ra lệnh.,Không ai có thể nói được sự khác biệt giữa một hệ thống đảo lộn và một hệ thống có trật tự; chúng quá giống nhau.,vi,Vietnamese,2
f7e9c5c1b5,"Các cơ sở gần nhất có thể được tìm thấy tại núi Parnassus (từ tháng mười hai-tháng ba), hai giờ lái xe từ thành phố.",Núi Parnassus không thực là một đuờng đi khủng khiếp.,vi,Vietnamese,0
d01fc0e44a,oh oh từ ngữ của tôi nghe có vẻ phiêu lưu đó,Nghe có vẻ như là một trải nghiệm thật tồi tệ.,vi,Vietnamese,2
0517b41b6c,Nhiệt độ của nước biển dao động từ  18e tới 24e (64-75e F).,"Nhiệt độ biển luôn thay đổi, nhưng chúng không dưới nhiệt độ đóng băng.",vi,Vietnamese,0
a17e72157b,Một mối quan hệ cha mẹ - con cái ấm áp dựa trên sự hợp tác là đặc biệt quan trọng trong việc giúp những đứa trẻ cứng đầu tiếp thu được các tiêu chuẩn của cha mẹ.,Trẻ lớn lên bên cạnh cha mẹ luôn luôn gây phiền hà.,vi,Vietnamese,2
6ec2d6898a,"nó đến từ Wills Point, tôi không biết bạn có biết không",Nó đến từ Cambridge.,vi,Vietnamese,2
1c2f18acde,"Sự rút lui của Lamar Alexander chẳng có chút giá trị gì, mặc dù nó không làm tăng mức độ phi lô-gíc",Có một số logic cho cách của Lamar Alexander.,vi,Vietnamese,0
b5e8546097,"Cô ấy là một cô gái mái tóc nâu với khuôn mặt đầy đặn, môi dày, và răng lớn.",Cô đã có mái tóc nâu và một số răng trong miệng.,vi,Vietnamese,0
be329b54c6,Đừng bắn trừ khi bị bắn!,Chỉ bắn khi nào có ai đó ở gần bạn có súng và bắn một viên vào đầu bạn.,vi,Vietnamese,1
0ef28055dd,Sự khôn ngoan thông thường về âm nhạc Ragtime tiếp tục biến động.,Thanh niên trẻ tuổi không biết gì về âm nhạc Ragtime.,vi,Vietnamese,1
59dc64ef66,Đó không phải là mặc cả.,Đó không phải là mặc cả bởi vì nó không công bằng.,vi,Vietnamese,1
7ad438401a,"Tôi sẽ không giam bà nữa, thưa bà.","Thưa bà, thật không công bằng khi giam giữ bà.",vi,Vietnamese,1
16916bbd97,"Và không kém phần quan trọng, môi trường sinh quyển đã trở nên phức tạp hơn trong vài triệu năm qua của quá trình tiến hóa hominid.",Giống linh trưởng thuộc họ Hominids đã tiến hóa qua hàng triệu năm qua.,vi,Vietnamese,0
a177f7c5da,Tiến sĩ Richards không bao giờ làm chúng tôi kinh ngạc.,Chúng tôi cười lớn khi nghe tin tức mới nhất của Tiến sĩ Richards.,vi,Vietnamese,1
f93d48796c,"Lil Armstrong, người chơi đàn piano trong buổi biểu diễn, đã ứng biến câu trả lời, Nó có tên là 'Muskrat Ramble'; phải không Red?","Nghệ sĩ dương cầm, Lil Armstrong, đã có thể ứng tác ra các bài hát.",vi,Vietnamese,0
4932a9370c,"Tuy nhiên, trong nhiều thế kỷ qua, đó là sự ám ảnh của những tên cướp biển vùng Caribê, cách xa các nanh vuốt của các lãnh chúa thuộc địa ở Havana, San Juan ở Puerto Rico, và Thành phố Panama, những tiền đồn thuộc địa gần nhất.",Có 100 tàu cướp biển ở Puerto Rico.,vi,Vietnamese,1
4d5779b683,"Triết lý pháp lý của Liên minh chiến thắng, cả về chất và phong cách.","Ngay thậm chí có chiến thắng, triết lí hợp pháp vẫn sai về mặt đạo đức.",vi,Vietnamese,1
66d468887c,"Tên một số địa danh của Mỹ có âm hưởng thật độc đáo - những nơi như Maggie's Nipples, Wyoming, hay Greasy Creek, Arkansas, Lickskillet, Kentucky, hay Scroungeout, Alabama.",Tên không có cộng hưởng độc đáo.,vi,Vietnamese,2
f85827260b,"Tung đã thề sẽ giải tán các nhà đầu cơ bất động sản, nhưng nhiều người nghĩ rằng vỏ cây của anh sẽ tồi tệ hơn vết cắn của anh ta.",Tung nghĩ rằng các nhà đầu cơ bất động sản đang hành động phi đạo đức.,vi,Vietnamese,1
e81abeccf5,Có một quá trình ngôn ngữ trong sự tiến hóa của từ vựng của chúng tôi mà không hoạt động với một tỷ lệ hiệu quả cao.,Từ vựng của chúng tôi có một quy trình ngôn ngữ.,vi,Vietnamese,0
cbcfabdc13,Một chủ đề được thảo luận trong buổi phóng vấn đầu vào là phản ứng của các hộ gia đình đối với thư quảng cáo.,Bị từ chối trong cuộc phỏng vấn nhập cảnh sẽ không giúp bạn có được công việc.,vi,Vietnamese,1
f85e11df1b,"Nhưng nếu như cô ấy bực mình với giọng nói và lời nói của anh, cô đã bóp nghẹt sự oán giận của mình.",Anh đã cư xử khá khủng khiếp với cô.,vi,Vietnamese,1
d28972e5c5,Vì vậy tôi không chắc tại sao nữa.,Tôi không biết vì sao anh ấy lại chuyển trường.,vi,Vietnamese,1
0554f63887,"Bạn đã hiểu được tầm quan trọng của việc kể chuyện, thơ ca, hát và hát trong việc bồi dưỡng sự đồng cảm, từ bi và trí tưởng tượng.","Kể chuyện, thơ, bài hát, và kịch rất quan trọng trong việc tăng cường sự cảm thông, đam mê, và sử dụng trí tưởng tượng.",vi,Vietnamese,0
60522de44a,"CIA đã dỡ bỏ tấm phim, đưa chúng đến Liên Hiệp Quốc vào ngày hôm sau.",CIA cho rằng Liên hiệp quốc cần xem phim ngay lập tức.,vi,Vietnamese,1
e864a6f854,"Vào ngày 25 tháng 8, sau khi hội nghị Dân chủ đã mở tại thành phố Atlantic, N.J., Johnson, sau đó 56 tuổi, bị đe dọa trong ba cuộc hội thoại được ghi lại để rút khỏi cuộc đua tổng thống.",Johnson đe dọa rút lui.,vi,Vietnamese,0
a52202ac3d,"Nhà hát múa dân gian Dora Stratou  trình diễn các bài hát, điệu nhảy và âm nhạc truyền thống của Hy Lạp tại một khán phòng thể loại dân gian truyền thống ở Philopappos Hill từ tháng 5 đến tháng 9 hàng ngày trừ thứ Hai.",Thính phòng ở Đài Philopappos được đóng cửa từ tháng 5 đến tháng 9.,vi,Vietnamese,2
892c513224,Các vòng hoa trong các tòa nhà thế kỷ 18 được chạm khắc hoặc sơn các phiên bản của những chiếc khăn thắt lưng và đồ trang trí hoa văn của nam giới và phụ nữ.,Các vòng hoa trong các tòa nhà thế kỷ 18 là các phiên bản về sừng của nhiều loài động vật khác nhau.,vi,Vietnamese,2
0b756174b3,Trái tim của bạn đã đập nhanh để thích ứng trước để đón nhận những chấn động động đất trước.,Tất cả mọi người đều có thể cảm nhận được những lời tiên tri về động đất.,vi,Vietnamese,1
c10a887b91,"Chúng tôi sẽ cố gắng liên lạc với những bạn không tham gia trong năm tài chính này trong vòng 45 ngày tới, để đảm bảo rằng mục tiêu của chúng ta có thể đạt được trước hạn chót ngày 30 tháng 6.",Chúng tôi sẽ liên hệ bằng thư trong vòng 45 ngày tới cho những người không quyên góp vào năm tài chính này.,vi,Vietnamese,1
c275692cb7,"(`Trong trường học, tiếng ồn lớn - hubbub - dừng lại.",Có ít tiếng ồn hơn trong các sân trường gần đây.,vi,Vietnamese,0
009688fed6,Cô chỉ vào một bụi cây buồn rũ rượi nhưng rậm rạp.,Cô ra dấu về phía bụi cây um tùm khác.,vi,Vietnamese,0
8628a107fd,"Không bằng lòng với việc làm hổ thẹn Clinton về mặt đạo đức, các đối thủ của ông đã cố gắng thổi phồng sự che đậy của ông về vụ việc Lewinsky thành tội phạm và tội phạm đáng tin.",Mối quan hệ của Clinton với Lewinsky là một sự hổ thẹn về đạo đức cho Đảng Dân chủ và gây ra sự thất bại của Gore khi ông tranh cử tổng thống.,vi,Vietnamese,1
1fc653a383,Khi nào một đồng đô la không phải là một đô la?,Một đồng đô la thì giá trị một cái gì đó mọi lúc.,vi,Vietnamese,0
4442fafe0f,"Chỉ với sự giúp đỡ của các đối tác từ thiện của chúng tôi, chúng tôi mới có thể đạt được nhiều như vậy.",Bill Gates đã ủng hộ 5 triệu đô cho chúng ta.,vi,Vietnamese,1
0bb3bbf8bb,"Nhưng dù anh ta có cười thế nào, anh ấy và Pitt đều biết rằng khi đi vào bờ buổi sáng hôm đó, anh đã đặt mạng sống vào bàn tay mình.",Thật nguy hiểm để anh ta lên bờ.,vi,Vietnamese,0
76d3e2661c,"Khi cuộc tấn công được xác định là liên quan đến al Qaeda, trách nhiệm chuyển sang Văn phòng New York Field.",Văn phòng Hiện trường New York nắm quyền kiểm soát tất cả các nghi phạm bị giam giữ.,vi,Vietnamese,1
f494a26abf,"Khi về nhà, tôi biết được Hoa Kỳ cắt đứt nguồn cung cấp theo hai cách.",Tôi học được rằng Hoa Kỳ cắt đứt nguồn cung theo hai cách trước khi về nhà.,vi,Vietnamese,2
bfd2c1586f,"Ngoài ra, hãy loại trừ bớt cho những hạn chế của dữ liệu, để nhờ đó các kết luận không chính xác hoặc không có chủ đích sẽ không bị suy ra từ dữ liệu.",Chúng ta thậm chí không nên thảo luận về các giới hạn của dữ liệu.,vi,Vietnamese,2
1a7d307e4a,"Vì lợi ích của việc quảng bá candour và bảo vệ quyền riêng tư, chúng tôi đã đồng ý không xác định hầu hết các cá nhân mà chúng tôi đã phỏng vấn.",Thông tin tiểu sử đầy đủ cho mỗi chủ đề phỏng vấn sẽ được cung cấp theo yêu cầu.,vi,Vietnamese,2
dbc3bbe84a,Anh ta nói rằng họ đã đi lên phía Bắc.,Ông nói rằng đã thực hiện một vài điểm dừng trên đường đi.,vi,Vietnamese,1
3a648b72c9,"Cảnh sát đã thông báo rằng họ đã loại trừ anh em cùng cha khác mẹ của JonBenet Ramsey là kẻ tình nghi trong vụ giết người của cô, rõ ràng là cả hai đều đã ra khỏi thị trấn khi án mạng xảy ra.",Người em cùng cha khác mẹ của Jon Benet Ramsey không ở trong thị trấn khi vụ giết người xảy ra.,vi,Vietnamese,0
152184a5f8,"29. Do đó, 21 tháng có thể coi là hợp lý, và trong một số trường hợp, là một sự ước tính thận trọng về tổng thời gian cần thiết để trang bị thêm một lò hơi tiện ích đơn lẻ.",Sẽ mất khoảng 21 tháng để trang bị thêm một nồi hơi tiện ích.,vi,Vietnamese,0
8f851511b4,"Bộ sưu tầm này về nghệ thuật của Châu Âu và Puerto Rico, có khả năng là phần đẹp nhất ở Caribe, sẽ rất quen thuộc trong bất kỳ thủ đô Châu Âu nào.",Bộ sưu tập nghệ thuật Châu Âu và Puerto Rico là tốt nhất ở Carribean,vi,Vietnamese,0
b2e5c736a2,.Bằng cách tiếp cận các học sinh không tiếp cận được thông qua trường học và các tổ chức cộng đồng khác.,Các sinh viên  đạt  sẽ mãi mãi biết ơn,vi,Vietnamese,1
8da919f511,Một trở ngại là các thành phần DOJ tương ứng không thể đồng ý về tất cả các cải cách được đề xuất.,Trở ngại đề xuất cải cách DOJ có thể được khắc phục nếu tất cả các thành phần đáp ứng,vi,Vietnamese,1
5894bb2d98,"Đầu tiên, chúng tôi sử dụng khối lượng bình quân đầu người cho mỗi quốc gia để ước tính phần cho mỗi điểm dừng có thể.",Chúng tôi không có cách nào để xác định có bao nhiêu phần cho mỗi điểm dừng.,vi,Vietnamese,2
e1d1f467fb,Chúng ta có thể tiếp tục tăng cường sự giáo dục cho các luật sư giỏi.,"Chúng ta có thể đào tạo các luật sư, tôi chắc chắn như vậy.",vi,Vietnamese,0
9fb673f3bb,Đôi lúc tiến trình trưởng thành hoặc thụt lùi cá nhân (bạn tự chọn) được củng cố bởi những điều đang xảy ra trong nền văn hoá.,"Không có gì đang xảy ra trong nền văn hóa ngày nay hỗ trợ quá trình cá nhân này, bất kể bạn gọi nó là gì.",vi,Vietnamese,2
3c645c8b4d,"Tôi chỉ ở nguyên đó, cố gắng hình dung ra vấn đề.",Tôi hiểu nó ngay từ đầu.,vi,Vietnamese,2
6ec12c8ddb,"Trong chừng mực như chương trình bảo hiểm xã hội áp dụng cho nhân viên Liên bang, các điều khoản và điều kiện thường giống như chương trình dành cho nhân viên tư nhân.",Nhân viên liên bang có được các đặc quyền khác.,vi,Vietnamese,1
c35a4a94c9,Phao-lô dường như coi Alan Greenspan là một nhà tư tưởng thực sự kiểm soát tỷ lệ thất nghiệp theo các nguyên tắc của một số lý thuyết kinh tế.,Paul chưa bao giờ nghe nói về Alan Greenspan hay các học thuyết kinh tế của ông ấy.,vi,Vietnamese,2
1c3ba2202d,yeah bọn họ có một mớ thứ mà có vẻ dường như sẽ vỡ gãy cùng lúc.,Một số đồ vỡ có giá trị.,vi,Vietnamese,1
ed08900258,"Để có một cảm giác đích thực về một Bồ Đào Nha xa xưa, hãy bước vào đại sảnh tuyệt vời dẫn vào tòa nhà Leal Senado đầy ấn tượng (tòa nhà Lotal Senate), một ví dụ tinh tế về kiến trúc thuộc địa.",Tòa nhà Loyal Senate thật đẹp.,vi,Vietnamese,0
2c69372b6b,Súng và các loại hình vũ khí khác nằm trong danh mục này.,Súng nằm trong danh mục.,vi,Vietnamese,0
2ce8929177,Sự giám sát của quốc hội đối với tình báo và chống khủng bố hiện nay rất rối loạn.,Quốc hội giám sát việc tình báo và chống khủng bố đã có thời hoạt động hiệu quả.,vi,Vietnamese,1
c94bf00e6d,"Với những công việc vừa phải, cả tuyệt đối và không tuyệt đối, các đồ vật pittong có thể phát hiện ra nó có phù hợp với lỗ xi ​​lanh của khối động cơ để tạo ra một pittong hoàn chỉnh trong xi lanh hay không.",Khối động cơ không có lỗ hổng.,vi,Vietnamese,2
7f9ca23f64,"Khi cát chồng chất lên, nó cuối cùng đạt đến góc còn lại cho cát và cũng mở rộng đến ranh giới của bảng.",Cát luôn phẳng và mịn.,vi,Vietnamese,2
2a0eed4587,"Hãy chắc chắn tìm hiểu về những đồng xu năm 1887 a5, những đồng xu này đã gây ra sự sửng sốt trong số nhiều sự kiện của nước Anh thời đó.",Đồng xu a5 này đến từ Trung Quốc.,vi,Vietnamese,2
8e99cdc6f5,"Khi va chạm, nhiều người đã bị tử vong hoặc bị thương nặng; những người khác nhìn chung không hề hấn gì.",Nhiều người chết vì sự va chạm.,vi,Vietnamese,0
2efccc9364,Bạn sẽ tìm thấy Bảo tàng Brehan (dành riêng cho Art Deco và Art Nouveau) trong một doanh trại bộ binh cũ đối diện với bảo tàng Ai Cập.,Bảo tàng nằm gần bảo tàng Ai Cập.,vi,Vietnamese,0
9c079522b7,"Nó đơn giản hơn, giống như cái mà cô ấy đưa cho tôi tất cả đều chi tiết và phức tạp và cái thứ hai thì đơn giản.",Cô ấy đưa cho tôi hai dạng hướng dẫn và tôi ưa thích loại thứ nhất chi tiết hơn.,vi,Vietnamese,1
5e7176c563,"Các khiếu nại bao gồm vấn đề về hành lý, ứng xử thô lỗ của tiếp viên hành không, máy bay huỷ chuyến không báo trước, và các vấn đề về thanh toán.",Không có lấy một khiếu nại nào.,vi,Vietnamese,2
c8a4121f2d,"Phía đông chiếc cổng là Olympieion, địa điểm ngôi đền lớn nhất từng được xây dựng trên đất Hy Lạp.",Hy Lạp và người dân của nó chưa bao giờ tìm ra cách xây dựng đền thờ.,vi,Vietnamese,2
b26f1da5a7,Tôi sẽ nghỉ phép để nghi ngờ điều đó. Giọng của vị lãnh chúa của ông không hề có chút gì to lớn.,Lãnh chúa của anh nói dứt khoát.,vi,Vietnamese,0
215708cd8d,"Lời cuối cùng, tất nhiên chúng tôi cho là bạn đã không gửi bài luận này ở nơi khác.",Chúng tôi muốn bạn ký một mẫu đơn chấp nhận rằng chúng tôi là những người duy nhất bạn đã trình bày bài luận này.,vi,Vietnamese,1
32edd4e013,"Ví dụ, một chủ tịch chương trình chuẩn bị sẵn sàng trong một vài nhận xét giới thiệu khen ngợi về một ..",Lời nhận xét giới thiệu rất dài.,vi,Vietnamese,1
e51dc94404,"Tôi không tin rằng giá trị recon có thể lớn hơn nguy cơ chấm dứt chương trình có thể khi các cổ phần được nâng lên bởi Taliban một người lợi dụng người khác nói trước CNN, ông đã viết.",Taliban được  xuất hiện trên CNN đang chạy trốn khỏi Kẻ cướp trên CNN.,vi,Vietnamese,2
12ba4ebcf5,"Mặc dù Rock 'n' Roll đang đua xuống làn đường nhanh như kẹo táo VETTE, FOREVER PLAID tin vào âm nhạc của họ.",Chỉ một vài thanh thiếu niên còn lắng nghe Rock 'n' Roll.,vi,Vietnamese,1
65514af32d,"Họ đã hỏi một vài câu hỏi và tôi trả lời họ và họ nói, Lấy hành lý của cậu và rời khỏi đó ngay lập tức, và đến địa chỉ mà cậu được cho phải đến khi cậu tới Washington.",Họ nói rằng tôi nên ở nhà.,vi,Vietnamese,2
10ca1e9391,Mặc dù một số quỹ được huy động tại Hoa Kỳ cho al Qaeda hoặc các nhóm liên kết nhưng Hoa Kỳ không phải là nguồn tài trợ chính của al Qaeda.,Anh cũng đã gửi tiền cho al Qaeda.,vi,Vietnamese,1
e5b715e02f,"Khoảng cách có thể nghe được, đường kính khoảng 3 km (2 dặm), được coi là một miệng núi lửa khổng lồ được hình thành sau một vụ phun trào núi lửa mạnh mẽ.",Âm thanh vang xa 2 dặm chắc chắn không phải do vụ phun trào núi lửa gây ra.,vi,Vietnamese,2
e4e45d52a7,vâng tôi thực sự đã có những ca sĩ lớn tuổi như vậy hoặc những ca sĩ lớn tuổi hơn nữa và những người chị lớn tuổi hơn,Tất cả em gái của tôi đều nhỏ hơn tôi.,vi,Vietnamese,2
409cf6fc4c,con thứ hai mà cô ấy có là một trong những chú chó từ đống rác và ừ là con đực từng có vấn đề về răng,Người đàn ông có vấn đề về răng và con chó con thứ hai  từ bãi rác.,vi,Vietnamese,0
605257c567,"Đối với cộng đồng các quốc gia, do đó, được công nhận, bình đẳng cho chúng tôi, nói rằng, liên quan đến quyền biểu quyết trong Đại hội đồng của Liên Hợp Quốc 'có một chuẩn mực dễ thi hành.",Mỗi quốc gia có quyền để bầu cử.,vi,Vietnamese,1
f6815df45b,"Tiểu sử được lấy từ thông tin trên Bản ghi tên hành khách và không bao gồm các yếu tố như chủng tộc, tín ngưỡng, màu sắc hoặc nguồn gốc quốc gia.",Tình trạng việc làm và niềm tin trọng tội trước đó là hai số liệu được sử dụng để tạo hồ sơ.,vi,Vietnamese,1
0c68700117,"Bao gồm các yếu tố như khung thời gian ngắn, việc xóa các tệp máy tính gốc và thiếu quyền truy cập vào các tài liệu cần thiết.",Họ đã xóa các tệp máy tính khỏi IBM.,vi,Vietnamese,1
45b48b5b07,Levasseur? Anh mỉm cười một chút.,Anh ấy không mở miệng cười một chút nào.,vi,Vietnamese,2
d11a696d56,Lợi ích quan trọng nhất của thành viên trong Hiệp hội Audubon Quốc gia cho bạn không có gì ngay lập tức hữu hình trong trở lại.,Mỗi thành viên của Hội  Audubon quốc gia  đều nhận được phiếu ăn tối miễn phí.,vi,Vietnamese,1
